<?xml version="1.0" encoding="UTF-8"?>

<export>
	<info>
		<infoproject>Offline</infoproject>
		<export_version>10</export_version>
	</info>
	<module>
		<name>org.opencms.workplace.tools.galleryoverview</name>
		<nicename><![CDATA[OpenCms 10 Gallery administration tools]]></nicename>
		<group>OpenCms Workplace</group>
		<class/>
    <import-script><![CDATA[
# sets access control entries  and properties on folders not exclusively belonging to this module
writeProperty '/system/workplace/admin/galleryoverview/' 'Description' '${key.GUI_GALLERIES_ADMIN_TOOL_HELP_0}'
writeProperty '/system/workplace/admin/galleryoverview/' 'NavImage' 'tools/galleryoverview/icons/big/gal_manage.png:tools/galleryoverview/icons/small/gal_manage.png'
writeProperty '/system/workplace/admin/galleryoverview/' 'NavInfo' '${key.GUI_GALLERIES_ADMIN_TOOL_GROUP_0}'
writeProperty '/system/workplace/admin/galleryoverview/' 'NavPos' '60.0'
writeProperty '/system/workplace/admin/galleryoverview/' 'NavText' '${key.GUI_GALLERIES_ADMIN_TOOL_NAME_0}'
writeProperty '/system/workplace/admin/galleryoverview/' 'Title' 'Gallery Overview'
writeProperty '/system/workplace/admin/galleryoverview/' 'admintoolhandler-class' 'org.opencms.workplace.tools.CmsDefaultToolHandler'

writeProperty '/system/workplace/admin/galleryoverview/downloadgallery/' 'Description' '${key.GUI_GALLERIES_DOWNLOAD_ADMIN_TOOL_HELP_0}'
writeProperty '/system/workplace/admin/galleryoverview/downloadgallery/' 'NavImage' 'tools/galleryoverview/icons/big/gal_download.png'
writeProperty '/system/workplace/admin/galleryoverview/downloadgallery/' 'NavInfo' '${key.GUI_GALLERIES_DOWNLOAD_ADMIN_TOOL_GROUP_0}'
writeProperty '/system/workplace/admin/galleryoverview/downloadgallery/' 'NavPos' '1.0'
writeProperty '/system/workplace/admin/galleryoverview/downloadgallery/' 'NavText' '${key.GUI_GALLERIES_DOWNLOAD_ADMIN_TOOL_NAME_0}'
writeProperty '/system/workplace/admin/galleryoverview/downloadgallery/' 'Title' 'Download Gallery'
writeProperty '/system/workplace/admin/galleryoverview/downloadgallery/' 'admintoolhandler-class' 'org.opencms.workplace.tools.galleryoverview.CmsGalleriesToolHandler'
writeProperty '/system/workplace/admin/galleryoverview/downloadgallery/' 'default-file' 'index.jsp'
writeProperty '/system/workplace/admin/galleryoverview/downloadgallery/' 'internal' '4'

writeProperty '/system/workplace/admin/galleryoverview/htmlgallery/' 'Description' '${key.GUI_GALLERIES_HTML_ADMIN_TOOL_HELP_0}'
writeProperty '/system/workplace/admin/galleryoverview/htmlgallery/' 'NavImage' 'tools/galleryoverview/icons/big/gal_html.png'
writeProperty '/system/workplace/admin/galleryoverview/htmlgallery/' 'NavInfo' '${key.GUI_GALLERIES_HTML_ADMIN_TOOL_GROUP_0}'
writeProperty '/system/workplace/admin/galleryoverview/htmlgallery/' 'NavPos' '2.0'
writeProperty '/system/workplace/admin/galleryoverview/htmlgallery/' 'NavText' '${key.GUI_GALLERIES_HTML_ADMIN_TOOL_NAME_0}'
writeProperty '/system/workplace/admin/galleryoverview/htmlgallery/' 'Title' 'Html Gallery'
writeProperty '/system/workplace/admin/galleryoverview/htmlgallery/' 'admintoolhandler-class' 'org.opencms.workplace.tools.galleryoverview.CmsGalleriesToolHandler'
writeProperty '/system/workplace/admin/galleryoverview/htmlgallery/' 'default-file' 'index.jsp'
writeProperty '/system/workplace/admin/galleryoverview/htmlgallery/' 'internal' '4'

writeProperty '/system/workplace/admin/galleryoverview/imagegallery/' 'Description' '${key.GUI_GALLERIES_IMAGE_ADMIN_TOOL_HELP_0}'
writeProperty '/system/workplace/admin/galleryoverview/imagegallery/' 'NavImage' 'tools/galleryoverview/icons/big/gal_image.png'
writeProperty '/system/workplace/admin/galleryoverview/imagegallery/' 'NavInfo' '${key.GUI_GALLERIES_IMAGE_ADMIN_TOOL_GROUP_0}'
writeProperty '/system/workplace/admin/galleryoverview/imagegallery/' 'NavPos' '3.0'
writeProperty '/system/workplace/admin/galleryoverview/imagegallery/' 'NavText' '${key.GUI_GALLERIES_IMAGE_ADMIN_TOOL_NAME_0}'
writeProperty '/system/workplace/admin/galleryoverview/imagegallery/' 'Title' 'Image Gallery'
writeProperty '/system/workplace/admin/galleryoverview/imagegallery/' 'admintoolhandler-class' 'org.opencms.workplace.tools.galleryoverview.CmsGalleriesToolHandler'
writeProperty '/system/workplace/admin/galleryoverview/imagegallery/' 'default-file' 'index.jsp'
writeProperty '/system/workplace/admin/galleryoverview/imagegallery/' 'internal' '4'

writeProperty '/system/workplace/admin/galleryoverview/linkgallery/' 'Description' '${key.GUI_GALLERIES_LINK_ADMIN_TOOL_HELP_0}'
writeProperty '/system/workplace/admin/galleryoverview/linkgallery/' 'NavImage' 'tools/galleryoverview/icons/big/gal_link.png'
writeProperty '/system/workplace/admin/galleryoverview/linkgallery/' 'NavInfo' '${key.GUI_GALLERIES_LINK_ADMIN_TOOL_GROUP_0}'
writeProperty '/system/workplace/admin/galleryoverview/linkgallery/' 'NavPos' '4.0'
writeProperty '/system/workplace/admin/galleryoverview/linkgallery/' 'NavText' '${key.GUI_GALLERIES_LINK_ADMIN_TOOL_NAME_0}'
writeProperty '/system/workplace/admin/galleryoverview/linkgallery/' 'Title' 'Link Gallery'
writeProperty '/system/workplace/admin/galleryoverview/linkgallery/' 'admintoolhandler-class' 'org.opencms.workplace.tools.galleryoverview.CmsGalleriesToolHandler'
writeProperty '/system/workplace/admin/galleryoverview/linkgallery/' 'default-file' 'index.jsp'
writeProperty '/system/workplace/admin/galleryoverview/linkgallery/' 'internal' '4'

writeProperty '/system/workplace/admin/galleryoverview/tablegallery/' 'Description' '${key.GUI_GALLERIES_TABLE_ADMIN_TOOL_HELP_0}'
writeProperty '/system/workplace/admin/galleryoverview/tablegallery/' 'NavImage' 'tools/galleryoverview/icons/big/gal_table.png'
writeProperty '/system/workplace/admin/galleryoverview/tablegallery/' 'NavInfo' '${key.GUI_GALLERIES_TABLE_ADMIN_TOOL_GROUP_0}'
writeProperty '/system/workplace/admin/galleryoverview/tablegallery/' 'NavPos' '5.0'
writeProperty '/system/workplace/admin/galleryoverview/tablegallery/' 'NavText' '${key.GUI_GALLERIES_TABLE_ADMIN_TOOL_NAME_0}'
writeProperty '/system/workplace/admin/galleryoverview/tablegallery/' 'Title' 'Content Check'
writeProperty '/system/workplace/admin/galleryoverview/tablegallery/' 'admintoolhandler-class' 'org.opencms.workplace.tools.galleryoverview.CmsGalleriesToolHandler'
writeProperty '/system/workplace/admin/galleryoverview/tablegallery/' 'default-file' 'index.jsp'
writeProperty '/system/workplace/admin/galleryoverview/tablegallery/' 'internal' '5'
		]]></import-script>
		<export-mode name="reduced"/>
		<description><![CDATA[<p>This module contains Overviews for every OpenCms gallery types.</p>
<p><i>&copy; 2016 by Alkacon Software GmbH (http://www.alkacon.com).</i></p>]]></description>
		<version>10.5.0</version>
		<authorname><![CDATA[Alkacon Software GmbH]]></authorname>
		<authoremail><![CDATA[info@alkacon.com]]></authoremail>
		<datecreated>Mon, 27 Jun 2005 08:00:00 GMT</datecreated>
		<userinstalled/>
		<dateinstalled/>
		<dependencies>
			<dependency name="org.opencms.workplace" version="10.0.0"/>
			<dependency name="org.opencms.workplace.administration" version="10.0.0"/>
		</dependencies>
		<exportpoints/>
		<resources>
			<resource uri="/system/workplace/admin/galleryoverview/downloadgallery/index.jsp"/>
			<resource uri="/system/workplace/admin/galleryoverview/htmlgallery/index.jsp"/>
			<resource uri="/system/workplace/admin/galleryoverview/imagegallery/index.jsp"/>
			<resource uri="/system/workplace/admin/galleryoverview/linkgallery/index.jsp"/>
			<resource uri="/system/workplace/admin/galleryoverview/tablegallery/index.jsp"/>
			<resource uri="/system/workplace/resources/tools/galleryoverview/icons/big/gal_download.png"/>
			<resource uri="/system/workplace/resources/tools/galleryoverview/icons/big/gal_html.png"/>
			<resource uri="/system/workplace/resources/tools/galleryoverview/icons/big/gal_image.png"/>
			<resource uri="/system/workplace/resources/tools/galleryoverview/icons/big/gal_link.png"/>
			<resource uri="/system/workplace/resources/tools/galleryoverview/icons/big/gal_manage.png"/>
			<resource uri="/system/workplace/resources/tools/galleryoverview/icons/big/gal_table.png"/>
			<resource uri="/system/workplace/resources/tools/galleryoverview/icons/small/gal_manage.png"/>
		</resources>
		<excluderesources/>
		<parameters/>
	</module>
	<files>
		<file>
			<destination>system</destination>
			<type>folder</type>
			<properties/>
		</file>
		<file>
			<destination>system/workplace</destination>
			<type>folder</type>
			<properties/>
		</file>
		<file>
			<destination>system/workplace/admin</destination>
			<type>folder</type>
			<properties/>
		</file>
		<file>
			<destination>system/workplace/admin/galleryoverview</destination>
			<type>folder</type>
			<properties/>
		</file>
		<file>
			<destination>system/workplace/admin/galleryoverview/downloadgallery</destination>
			<type>folder</type>
			<properties/>
		</file>
		<file>
			<source>system/workplace/admin/galleryoverview/downloadgallery/index.jsp</source>
			<destination>system/workplace/admin/galleryoverview/downloadgallery/index.jsp</destination>
			<type>jsp</type>
			<uuidstructure>dc8dcf3b-11b7-11db-91cd-fdbae480bac9</uuidstructure>
			<uuidresource>27a4a8a0-c0f9-1cd7-cda0-80b84c2772a5</uuidresource>
			<datecreated>Mon, 27 Jun 2005 08:00:00 GMT</datecreated>
			<flags>0</flags>
			<properties>
				<property>
					<name>Title</name>
					<value><![CDATA[Download Gallery Overview]]></value>
				</property>
				<property type="shared">
					<name>export</name>
					<value><![CDATA[false]]></value>
				</property>
			</properties>
			<relations/>
			<accesscontrol/>
		</file>
		<file>
			<destination>system/workplace/admin/galleryoverview/htmlgallery</destination>
			<type>folder</type>
			<properties/>
		</file>
		<file>
			<destination>system/workplace/admin/galleryoverview/htmlgallery/index.jsp</destination>
			<type>jsp</type>
			<uuidstructure>dc94fb3a-11b7-11db-91cd-fdbae480bac9</uuidstructure>
			<uuidresource>27a4a8a0-c0f9-1cd7-cda0-80b84c2772a5</uuidresource>
			<datecreated>Mon, 27 Jun 2005 08:00:00 GMT</datecreated>
			<flags>0</flags>
			<properties>
				<property>
					<name>Title</name>
					<value><![CDATA[Html Gallery Overview]]></value>
				</property>
				<property type="shared">
					<name>export</name>
					<value><![CDATA[false]]></value>
				</property>
			</properties>
			<relations/>
			<accesscontrol/>
		</file>
		<file>
			<destination>system/workplace/admin/galleryoverview/imagegallery</destination>
			<type>folder</type>
			<properties/>
		</file>
		<file>
			<destination>system/workplace/admin/galleryoverview/imagegallery/index.jsp</destination>
			<type>jsp</type>
			<uuidstructure>dca0e234-11b7-11db-91cd-fdbae480bac9</uuidstructure>
			<uuidresource>27a4a8a0-c0f9-1cd7-cda0-80b84c2772a5</uuidresource>
			<datecreated>Mon, 27 Jun 2005 08:00:00 GMT</datecreated>
			<flags>0</flags>
			<properties>
				<property>
					<name>Title</name>
					<value><![CDATA[Image Gallery Overview]]></value>
				</property>
				<property type="shared">
					<name>export</name>
					<value><![CDATA[false]]></value>
				</property>
			</properties>
			<relations/>
			<accesscontrol/>
		</file>
		<file>
			<destination>system/workplace/admin/galleryoverview/linkgallery</destination>
			<type>folder</type>
			<properties/>
		</file>
		<file>
			<destination>system/workplace/admin/galleryoverview/linkgallery/index.jsp</destination>
			<type>jsp</type>
			<uuidstructure>dcaa5821-11b7-11db-91cd-fdbae480bac9</uuidstructure>
			<uuidresource>27a4a8a0-c0f9-1cd7-cda0-80b84c2772a5</uuidresource>
			<datecreated>Mon, 27 Jun 2005 08:00:00 GMT</datecreated>
			<flags>0</flags>
			<properties>
				<property>
					<name>Title</name>
					<value><![CDATA[Link Gallery Overview]]></value>
				</property>
				<property type="shared">
					<name>export</name>
					<value><![CDATA[false]]></value>
				</property>
			</properties>
			<relations/>
			<accesscontrol/>
		</file>
		<file>
			<destination>system/workplace/admin/galleryoverview/tablegallery</destination>
			<type>folder</type>
			<properties/>
		</file>
		<file>
			<destination>system/workplace/admin/galleryoverview/tablegallery/index.jsp</destination>
			<type>jsp</type>
			<uuidstructure>dc99b637-11b7-11db-91cd-fdbae480bac9</uuidstructure>
			<uuidresource>27a4a8a0-c0f9-1cd7-cda0-80b84c2772a5</uuidresource>
			<datecreated>Mon, 27 Jun 2005 08:00:00 GMT</datecreated>
			<flags>0</flags>
			<properties>
				<property>
					<name>Title</name>
					<value><![CDATA[Table Gallery Overview]]></value>
				</property>
				<property type="shared">
					<name>export</name>
					<value><![CDATA[false]]></value>
				</property>
			</properties>
			<relations/>
			<accesscontrol/>
		</file>
		<file>
			<destination>system/workplace/resources</destination>
			<type>folder</type>
			<properties/>
		</file>
		<file>
			<destination>system/workplace/resources/tools</destination>
			<type>folder</type>
			<properties/>
		</file>
		<file>
			<destination>system/workplace/resources/tools/galleryoverview</destination>
			<type>folder</type>
			<properties/>
		</file>
		<file>
			<destination>system/workplace/resources/tools/galleryoverview/icons</destination>
			<type>folder</type>
			<properties/>
		</file>
		<file>
			<destination>system/workplace/resources/tools/galleryoverview/icons/big</destination>
			<type>folder</type>
			<properties/>
		</file>
		<file>
			<source>system/workplace/resources/tools/galleryoverview/icons/big/gal_download.png</source>
			<destination>system/workplace/resources/tools/galleryoverview/icons/big/gal_download.png</destination>
			<type>image</type>
			<uuidstructure>dd53b78b-11b7-11db-91cd-fdbae480bac9</uuidstructure>
			<uuidresource>a00419ca-d732-11d9-b767-0d179596440c</uuidresource>
			<datecreated>Mon, 27 Jun 2005 08:00:00 GMT</datecreated>
			<flags>0</flags>
			<properties>
				<property type="shared">
					<name>image.size</name>
					<value><![CDATA[w:32,h:32]]></value>
				</property>
			</properties>
			<relations/>
			<accesscontrol/>
		</file>
		<file>
			<source>system/workplace/resources/tools/galleryoverview/icons/big/gal_html.png</source>
			<destination>system/workplace/resources/tools/galleryoverview/icons/big/gal_html.png</destination>
			<type>image</type>
			<uuidstructure>dd7e981e-11b7-11db-91cd-fdbae480bac9</uuidstructure>
			<uuidresource>a007270d-d732-11d9-b767-0d179596440c</uuidresource>
			<datecreated>Mon, 27 Jun 2005 08:00:00 GMT</datecreated>
			<flags>0</flags>
			<properties>
				<property type="shared">
					<name>image.size</name>
					<value><![CDATA[w:32,h:32]]></value>
				</property>
			</properties>
			<relations/>
			<accesscontrol/>
		</file>
		<file>
			<source>system/workplace/resources/tools/galleryoverview/icons/big/gal_image.png</source>
			<destination>system/workplace/resources/tools/galleryoverview/icons/big/gal_image.png</destination>
			<type>image</type>
			<uuidstructure>dd98d6e1-11b7-11db-91cd-fdbae480bac9</uuidstructure>
			<uuidresource>a008d4c0-d732-11d9-b767-0d179596440c</uuidresource>
			<datecreated>Mon, 27 Jun 2005 08:00:00 GMT</datecreated>
			<flags>0</flags>
			<properties>
				<property type="shared">
					<name>image.size</name>
					<value><![CDATA[w:32,h:32]]></value>
				</property>
			</properties>
			<relations/>
			<accesscontrol/>
		</file>
		<file>
			<source>system/workplace/resources/tools/galleryoverview/icons/big/gal_link.png</source>
			<destination>system/workplace/resources/tools/galleryoverview/icons/big/gal_link.png</destination>
			<type>image</type>
			<uuidstructure>dd9b20d4-11b7-11db-91cd-fdbae480bac9</uuidstructure>
			<uuidresource>a00be203-d732-11d9-b767-0d179596440c</uuidresource>
			<datecreated>Mon, 27 Jun 2005 08:00:00 GMT</datecreated>
			<flags>0</flags>
			<properties>
				<property type="shared">
					<name>image.size</name>
					<value><![CDATA[w:32,h:32]]></value>
				</property>
			</properties>
			<relations/>
			<accesscontrol/>
		</file>
		<file>
			<source>system/workplace/resources/tools/galleryoverview/icons/big/gal_manage.png</source>
			<destination>system/workplace/resources/tools/galleryoverview/icons/big/gal_manage.png</destination>
			<type>image</type>
			<uuidstructure>dd9d91d7-11b7-11db-91cd-fdbae480bac9</uuidstructure>
			<uuidresource>a00d68a6-d732-11d9-b767-0d179596440c</uuidresource>
			<datecreated>Mon, 27 Jun 2005 08:00:00 GMT</datecreated>
			<flags>0</flags>
			<properties>
				<property type="shared">
					<name>image.size</name>
					<value><![CDATA[w:32,h:32]]></value>
				</property>
			</properties>
			<relations/>
			<accesscontrol/>
		</file>
		<file>
			<source>system/workplace/resources/tools/galleryoverview/icons/big/gal_table.png</source>
			<destination>system/workplace/resources/tools/galleryoverview/icons/big/gal_table.png</destination>
			<type>image</type>
			<uuidstructure>dda002da-11b7-11db-91cd-fdbae480bac9</uuidstructure>
			<uuidresource>a01075e9-d732-11d9-b767-0d179596440c</uuidresource>
			<datecreated>Mon, 27 Jun 2005 08:00:00 GMT</datecreated>
			<flags>0</flags>
			<properties>
				<property type="shared">
					<name>image.size</name>
					<value><![CDATA[w:32,h:32]]></value>
				</property>
			</properties>
			<relations/>
			<accesscontrol/>
		</file>
		<file>
			<destination>system/workplace/resources/tools/galleryoverview/icons/small</destination>
			<type>folder</type>
			<properties/>
		</file>
		<file>
			<source>system/workplace/resources/tools/galleryoverview/icons/small/gal_manage.png</source>
			<destination>system/workplace/resources/tools/galleryoverview/icons/small/gal_manage.png</destination>
			<type>image</type>
			<uuidstructure>dda4bdcf-11b7-11db-91cd-fdbae480bac9</uuidstructure>
			<uuidresource>c548cec2-d732-11d9-b767-0d179596440c</uuidresource>
			<datecreated>Mon, 27 Jun 2005 08:00:00 GMT</datecreated>
			<flags>0</flags>
			<properties>
				<property type="shared">
					<name>image.size</name>
					<value><![CDATA[w:20,h:20]]></value>
				</property>
			</properties>
			<relations/>
			<accesscontrol/>
		</file>
	</files>
</export>