<?xml version="1.0" encoding="UTF-8"?>

<export>
	<info>
		<infoproject>Offline</infoproject>
		<export_version>10</export_version>
	</info>
	<module>
		<name>org.opencms.apollo.template.imagegallery</name>
		<nicename><![CDATA[Apollo Template Image Gallery]]></nicename>
		<group>Apollo Template</group>
		<class/>
		<import-site>/</import-site>
		<export-mode name="reduced"/>
		<description><![CDATA[The OpenCms 10 Apollo template image gallery extension.]]></description>
		<version>10.5.0</version>
		<authorname><![CDATA[Alkacon Software GmbH]]></authorname>
		<authoremail/>
		<datecreated/>
		<userinstalled/>
		<dateinstalled/>
		<dependencies>
			<dependency name="org.opencms.apollo.template.core" version="10.5.0"/>
		</dependencies>
		<exportpoints/>
		<resources>
			<resource uri="/system/modules/org.opencms.apollo.template.imagegallery/"/>
			<resource uri="/system/modules/org.opencms.apollo/elements/imagegallery-inner.jsp"/>
			<resource uri="/system/modules/org.opencms.apollo/formatters/imagegallery.jsp"/>
			<resource uri="/system/modules/org.opencms.apollo/formatters/imagegallery.xml"/>
			<resource uri="/system/modules/org.opencms.apollo/schemas/imagegallery.xsd"/>
			<resource uri="/system/modules/org.opencms.apollo/i18n/org.opencms.apollo.template.imagegallery.messages"/>
			<resource uri="/system/modules/org.opencms.apollo/i18n/org.opencms.apollo.template.schemas.imagegallery"/>
			<resource uri="/system/workplace/resources/filetypes/a-imagegallery.png"/>
			<resource uri="/system/workplace/resources/filetypes/a-imagegallery_big.png"/>
		</resources>
		<excluderesources/>
		<parameters/>
		<resourcetypes>
			<type class="org.opencms.file.types.CmsResourceTypeXmlContent" name="a-imagegallery" id="463">
				<param name="schema">/system/modules/org.opencms.apollo/schemas/imagegallery.xsd</param>
			</type>
		</resourcetypes>
		<explorertypes>
			<explorertype name="a-imagegallery" key="fileicon.a-imagegallery" icon="a-imagegallery.png" bigicon="a-imagegallery_big.png" reference="xmlcontent">
				<newresource page="structurecontent" uri="newresource_xmlcontent.jsp?newresourcetype=a-imagegallery" order="10" autosetnavigation="false" autosettitle="false" info="desc.a-imagegallery" key="title.a-imagegallery"/>
			</explorertype>
		</explorertypes>
	</module>
	<files>
		<file>
			<destination>system</destination>
			<type>folder</type>
			<properties/>
		</file>
		<file>
			<destination>system/modules</destination>
			<type>folder</type>
			<properties/>
		</file>
		<file>
			<destination>system/modules/org.opencms.apollo.template.imagegallery</destination>
			<type>folder</type>
			<uuidstructure>5f849054-7508-11e6-940e-0242ac11002b</uuidstructure>
			<datecreated>Wed, 07 Sep 2016 14:35:50 GMT</datecreated>
			<flags>0</flags>
			<properties/>
			<relations/>
			<accesscontrol/>
		</file>
		<file>
			<source>system/modules/org.opencms.apollo.template.imagegallery/.config</source>
			<destination>system/modules/org.opencms.apollo.template.imagegallery/.config</destination>
			<type>module_config</type>
			<uuidstructure>799821a6-7508-11e6-940e-0242ac11002b</uuidstructure>
			<uuidresource>7e7bef00-750b-11e6-afc1-0242ac11002b</uuidresource>
			<datecreated>Wed, 07 Sep 2016 14:58:10 GMT</datecreated>
			<flags>0</flags>
			<properties>
				<property>
					<name>locale</name>
					<value><![CDATA[en]]></value>
				</property>
				<property>
					<name>locale-available</name>
					<value><![CDATA[en]]></value>
				</property>
				<property>
					<name>search.exclude</name>
					<value><![CDATA[all]]></value>
				</property>
			</properties>
			<relations/>
			<accesscontrol/>
		</file>
		<file>
			<destination>system/modules/org.opencms.apollo</destination>
			<type>folder</type>
			<properties/>
		</file>
		<file>
			<destination>system/modules/org.opencms.apollo/elements</destination>
			<type>folder</type>
			<properties/>
		</file>
		<file>
			<source>system/modules/org.opencms.apollo/elements/imagegallery-inner.jsp</source>
			<destination>system/modules/org.opencms.apollo/elements/imagegallery-inner.jsp</destination>
			<type>jsp</type>
			<uuidstructure>9bb25674-8f80-11e5-a6ad-0242ac11002b</uuidstructure>
			<uuidresource>9bb25675-8f80-11e5-a6ad-0242ac11002b</uuidresource>
			<datecreated>Fri, 20 Nov 2015 12:17:03 GMT</datecreated>
			<flags>0</flags>
			<properties>
				<property type="shared">
					<name>export</name>
					<value><![CDATA[false]]></value>
				</property>
			</properties>
			<relations/>
			<accesscontrol/>
		</file>
		<file>
			<destination>system/modules/org.opencms.apollo/formatters</destination>
			<type>folder</type>
			<properties/>
		</file>
		<file>
			<source>system/modules/org.opencms.apollo/formatters/imagegallery.jsp</source>
			<destination>system/modules/org.opencms.apollo/formatters/imagegallery.jsp</destination>
			<type>jsp</type>
			<uuidstructure>68958b5e-8f73-11e5-9ae7-0242ac11002b</uuidstructure>
			<uuidresource>68958b5f-8f73-11e5-9ae7-0242ac11002b</uuidresource>
			<datecreated>Fri, 20 Nov 2015 10:42:34 GMT</datecreated>
			<flags>0</flags>
			<properties>
				<property>
					<name>Title</name>
					<value><![CDATA[Formatter JSP for image gallery]]></value>
				</property>
				<property type="shared">
					<name>export</name>
					<value><![CDATA[false]]></value>
				</property>
			</properties>
			<relations/>
			<accesscontrol/>
		</file>
		<file>
			<source>system/modules/org.opencms.apollo/formatters/imagegallery.xml</source>
			<destination>system/modules/org.opencms.apollo/formatters/imagegallery.xml</destination>
			<type>formatter_config</type>
			<uuidstructure>689934e1-8f73-11e5-9ae7-0242ac11002b</uuidstructure>
			<uuidresource>689934e2-8f73-11e5-9ae7-0242ac11002b</uuidresource>
			<datecreated>Fri, 20 Nov 2015 10:42:34 GMT</datecreated>
			<flags>0</flags>
			<properties>
				<property>
					<name>Title</name>
					<value><![CDATA[Image Gallery from a given folder]]></value>
				</property>
				<property>
					<name>locale</name>
					<value><![CDATA[en]]></value>
				</property>
				<property>
					<name>locale-available</name>
					<value><![CDATA[en]]></value>
				</property>
				<property>
					<name>search.exclude</name>
					<value><![CDATA[all]]></value>
				</property>
			</properties>
			<relations/>
			<accesscontrol/>
		</file>
		<file>
			<destination>system/modules/org.opencms.apollo/i18n</destination>
			<type>folder</type>
			<properties/>
		</file>
		<file>
			<source>system/modules/org.opencms.apollo/i18n/org.opencms.apollo.template.imagegallery.messages</source>
			<destination>system/modules/org.opencms.apollo/i18n/org.opencms.apollo.template.imagegallery.messages</destination>
			<type>xmlvfsbundle</type>
			<uuidstructure>53a04860-7508-11e6-940e-0242ac11002b</uuidstructure>
			<uuidresource>53a04861-7508-11e6-940e-0242ac11002b</uuidresource>
			<datecreated>Wed, 07 Sep 2016 14:35:30 GMT</datecreated>
			<flags>0</flags>
			<properties>
				<property>
					<name>content-encoding</name>
					<value><![CDATA[ISO-8859-1]]></value>
				</property>
				<property>
					<name>search.exclude</name>
					<value><![CDATA[all]]></value>
				</property>
			</properties>
			<relations/>
			<accesscontrol/>
		</file>
		<file>
			<source>system/modules/org.opencms.apollo/i18n/org.opencms.apollo.template.schemas.imagegallery</source>
			<destination>system/modules/org.opencms.apollo/i18n/org.opencms.apollo.template.schemas.imagegallery</destination>
			<type>xmlvfsbundle</type>
			<uuidstructure>f389e17e-8faa-11e5-aada-0242ac11002b</uuidstructure>
			<uuidresource>f389e17f-8faa-11e5-aada-0242ac11002b</uuidresource>
			<datecreated>Fri, 20 Nov 2015 17:20:09 GMT</datecreated>
			<flags>0</flags>
			<properties>
				<property>
					<name>content-encoding</name>
					<value><![CDATA[ISO-8859-1]]></value>
				</property>
			</properties>
			<relations/>
			<accesscontrol/>
		</file>
		<file>
			<destination>system/modules/org.opencms.apollo/schemas</destination>
			<type>folder</type>
			<properties/>
		</file>
		<file>
			<source>system/modules/org.opencms.apollo/schemas/imagegallery.xsd</source>
			<destination>system/modules/org.opencms.apollo/schemas/imagegallery.xsd</destination>
			<type>plain</type>
			<uuidstructure>68729a03-8f73-11e5-9ae7-0242ac11002b</uuidstructure>
			<uuidresource>68729a04-8f73-11e5-9ae7-0242ac11002b</uuidresource>
			<datecreated>Fri, 20 Nov 2015 10:42:34 GMT</datecreated>
			<flags>0</flags>
			<properties>
				<property>
					<name>Title</name>
					<value><![CDATA[XSD for image gallery]]></value>
				</property>
			</properties>
			<relations/>
			<accesscontrol/>
		</file>
		<file>
			<destination>system/workplace</destination>
			<type>folder</type>
			<properties/>
		</file>
		<file>
			<destination>system/workplace/resources</destination>
			<type>folder</type>
			<properties/>
		</file>
		<file>
			<destination>system/workplace/resources/filetypes</destination>
			<type>folder</type>
			<properties/>
		</file>
		<file>
			<source>system/workplace/resources/filetypes/a-imagegallery.png</source>
			<destination>system/workplace/resources/filetypes/a-imagegallery.png</destination>
			<type>image</type>
			<uuidstructure>688585c6-8f73-11e5-9ae7-0242ac11002b</uuidstructure>
			<uuidresource>688585c7-8f73-11e5-9ae7-0242ac11002b</uuidresource>
			<datecreated>Fri, 20 Nov 2015 10:42:34 GMT</datecreated>
			<flags>0</flags>
			<properties>
				<property>
					<name>Title</name>
					<value><![CDATA[sample-icon]]></value>
				</property>
				<property type="shared">
					<name>image.size</name>
					<value><![CDATA[w:16,h:16]]></value>
				</property>
			</properties>
			<relations/>
			<accesscontrol/>
		</file>
		<file>
			<source>system/workplace/resources/filetypes/a-imagegallery_big.png</source>
			<destination>system/workplace/resources/filetypes/a-imagegallery_big.png</destination>
			<type>image</type>
			<uuidstructure>688ab5ea-8f73-11e5-9ae7-0242ac11002b</uuidstructure>
			<uuidresource>688ab5eb-8f73-11e5-9ae7-0242ac11002b</uuidresource>
			<datecreated>Fri, 20 Nov 2015 10:42:34 GMT</datecreated>
			<flags>0</flags>
			<properties>
				<property>
					<name>Title</name>
					<value><![CDATA[sample-icon_big]]></value>
				</property>
				<property type="shared">
					<name>image.size</name>
					<value><![CDATA[w:24,h:24]]></value>
				</property>
			</properties>
			<relations/>
			<accesscontrol/>
		</file>
	</files>
</export>
