<?xml version="1.0" encoding="UTF-8"?>

<export>
	<info>
		<infoproject>Offline</infoproject>
		<export_version>10</export_version>
	</info>
	<module>
		<name>org.opencms.apollo.template.list</name>
		<nicename><![CDATA[Apollo Template Generic List]]></nicename>
		<group>Apollo Template</group>
		<class/>
		<import-site>/</import-site>
		<export-mode name="reduced"/>
		<description><![CDATA[The OpenCms 10 Apollo template list extension.]]></description>
		<version>10.5.0</version>
		<authorname><![CDATA[Alkacon Software GmbH]]></authorname>
		<authoremail/>
		<datecreated/>
		<userinstalled/>
		<dateinstalled/>
		<dependencies>
			<dependency name="org.opencms.apollo.template.core" version="10.5.0"/>
		</dependencies>
		<exportpoints>
			<exportpoint uri="/system/modules/org.opencms.apollo.template.list/tags/" destination="WEB-INF/tags/apollo/"/>
		</exportpoints>
		<resources>
			<resource uri="/system/workplace/resources/filetypes/a-list.png"/>
			<resource uri="/system/workplace/resources/filetypes/a-list_big.png"/>
			<resource uri="/system/modules/org.opencms.apollo.template.list/"/>
			<resource uri="/system/modules/org.opencms.apollo/formatters/list-archive-filter.jsp"/>
			<resource uri="/system/modules/org.opencms.apollo/formatters/list-archive-filter.xml"/>
			<resource uri="/system/modules/org.opencms.apollo/formatters/list-facets.jsp"/>
			<resource uri="/system/modules/org.opencms.apollo/formatters/list-facets.xml"/>
			<resource uri="/system/modules/org.opencms.apollo/formatters/list-pages.jsp"/>
			<resource uri="/system/modules/org.opencms.apollo/formatters/list-pages.xml"/>
			<resource uri="/system/modules/org.opencms.apollo/formatters/list-scrolling.jsp"/>
			<resource uri="/system/modules/org.opencms.apollo/formatters/list-scrolling.xml"/>
			<resource uri="/system/modules/org.opencms.apollo/formatters/list-simple.jsp"/>
			<resource uri="/system/modules/org.opencms.apollo/formatters/list-simple.xml"/>
			<resource uri="/system/modules/org.opencms.apollo/i18n/org.opencms.apollo.template.formatters.list"/>
			<resource uri="/system/modules/org.opencms.apollo/i18n/org.opencms.apollo.template.formatters.list.messages"/>
			<resource uri="/system/modules/org.opencms.apollo/i18n/org.opencms.apollo.template.list.messages"/>
			<resource uri="/system/modules/org.opencms.apollo/i18n/org.opencms.apollo.template.schemas.list"/>
			<resource uri="/system/modules/org.opencms.apollo/elements/list/list-ajax.jsp"/>
			<resource uri="/system/modules/org.opencms.apollo/schemas/list.xsd"/>
			<resource uri="/system/modules/org.opencms.apollo/tags/list-body.tag"/>
			<resource uri="/system/modules/org.opencms.apollo/tags/list-archive-search.tag"/>
			<resource uri="/system/modules/org.opencms.apollo/tags/list-facetbutton.tag"/>
			<resource uri="/system/modules/org.opencms.apollo/tags/list-facetrow.tag"/>
			<resource uri="/system/modules/org.opencms.apollo/tags/list-item-compact.tag"/>
			<resource uri="/system/modules/org.opencms.apollo/tags/list-loadbutton.tag"/>
			<resource uri="/system/modules/org.opencms.apollo/tags/list-main.tag"/>
			<resource uri="/system/modules/org.opencms.apollo/tags/list-pagination.tag"/>
			<resource uri="/system/modules/org.opencms.apollo/tags/list-search.tag"/>
			<resource uri="/system/modules/org.opencms.apollo/tags/list-sortbutton.tag"/>
		</resources>
		<excluderesources/>
		<parameters/>
		<resourcetypes>
			<type class="org.opencms.file.types.CmsResourceTypeXmlContent" name="a-list" id="460">
				<param name="schema">/system/modules/org.opencms.apollo/schemas/list.xsd</param>
			</type>
		</resourcetypes>
		<explorertypes>
			<explorertype name="a-list" key="fileicon.a-list" icon="a-list.png" bigicon="a-list_big.png" reference="xmlcontent">
				<newresource page="a-menu" uri="newresource_xmlcontent.jsp?newresourcetype=a-list" order="90" autosetnavigation="false" autosettitle="false" info="desc.a-list" key="title.a-list"/>
			</explorertype>
		</explorertypes>
	</module>
	<files>
		<file>
			<destination>system</destination>
			<type>folder</type>
			<properties/>
		</file>
		<file>
			<destination>system/modules</destination>
			<type>folder</type>
			<properties/>
		</file>
		<file>
			<destination>system/modules/org.opencms.apollo.template.list</destination>
			<type>folder</type>
			<uuidstructure>75a5aa57-750b-11e6-afc1-0242ac11002b</uuidstructure>
			<datecreated>Wed, 07 Sep 2016 14:57:56 GMT</datecreated>
			<flags>0</flags>
			<properties/>
			<relations/>
			<accesscontrol/>
		</file>
		<file>
			<source>system/modules/org.opencms.apollo.template.list/.config</source>
			<destination>system/modules/org.opencms.apollo.template.list/.config</destination>
			<type>module_config</type>
			<uuidstructure>f336257a-750f-11e6-afc1-0242ac11002b</uuidstructure>
			<uuidresource>f336257b-750f-11e6-afc1-0242ac11002b</uuidresource>
			<datecreated>Wed, 07 Sep 2016 15:30:04 GMT</datecreated>
			<flags>0</flags>
			<properties>
				<property>
					<name>locale</name>
					<value><![CDATA[en]]></value>
				</property>
				<property>
					<name>locale-available</name>
					<value><![CDATA[en]]></value>
				</property>
				<property>
					<name>search.exclude</name>
					<value><![CDATA[all]]></value>
				</property>
			</properties>
			<relations/>
			<accesscontrol/>
		</file>
		<file>
			<destination>system/modules/org.opencms.apollo</destination>
			<type>folder</type>
			<properties/>
		</file>
		<file>
			<destination>system/modules/org.opencms.apollo/elements</destination>
			<type>folder</type>
			<properties/>
		</file>
		<file>
			<destination>system/modules/org.opencms.apollo/elements/list</destination>
			<type>folder</type>
			<properties/>
		</file>
		<file>
			<source>system/modules/org.opencms.apollo/elements/list/list-ajax.jsp</source>
			<destination>system/modules/org.opencms.apollo/elements/list/list-ajax.jsp</destination>
			<type>jsp</type>
			<uuidstructure>2f117c9d-3dc7-11e6-b70e-0242ac11002b</uuidstructure>
			<uuidresource>2f117c9e-3dc7-11e6-b70e-0242ac11002b</uuidresource>
			<datecreated>Wed, 29 Jun 2016 07:00:37 GMT</datecreated>
			<flags>0</flags>
			<properties>
				<property>
					<name>Title</name>
					<value><![CDATA[list-ajax]]></value>
				</property>
				<property type="shared">
					<name>export</name>
					<value><![CDATA[false]]></value>
				</property>
			</properties>
			<relations/>
			<accesscontrol/>
		</file>
		<file>
			<destination>system/modules/org.opencms.apollo/formatters</destination>
			<type>folder</type>
			<properties/>
		</file>
		<file>
			<source>system/modules/org.opencms.apollo/formatters/list-archive-filter.jsp</source>
			<destination>system/modules/org.opencms.apollo/formatters/list-archive-filter.jsp</destination>
			<type>jsp</type>
			<uuidstructure>1dde2909-2704-11e6-9192-0242ac11002b</uuidstructure>
			<uuidresource>1dde290a-2704-11e6-9192-0242ac11002b</uuidresource>
			<datecreated>Tue, 31 May 2016 07:48:51 GMT</datecreated>
			<flags>0</flags>
			<properties>
				<property>
					<name>Title</name>
					<value><![CDATA[Formatter JSP for archive list filters]]></value>
				</property>
				<property type="shared">
					<name>export</name>
					<value><![CDATA[false]]></value>
				</property>
			</properties>
			<relations/>
			<accesscontrol/>
		</file>
		<file>
			<source>system/modules/org.opencms.apollo/formatters/list-archive-filter.xml</source>
			<destination>system/modules/org.opencms.apollo/formatters/list-archive-filter.xml</destination>
			<type>formatter_config</type>
			<uuidstructure>448925ad-2704-11e6-9192-0242ac11002b</uuidstructure>
			<uuidresource>448925ae-2704-11e6-9192-0242ac11002b</uuidresource>
			<datecreated>Tue, 31 May 2016 07:49:56 GMT</datecreated>
			<flags>0</flags>
			<properties>
				<property>
					<name>Title</name>
					<value><![CDATA[Archive list filters]]></value>
				</property>
				<property>
					<name>locale</name>
					<value><![CDATA[en]]></value>
				</property>
				<property>
					<name>locale-available</name>
					<value><![CDATA[en]]></value>
				</property>
				<property>
					<name>search.exclude</name>
					<value><![CDATA[all]]></value>
				</property>
			</properties>
			<relations/>
			<accesscontrol/>
		</file>
		<file>
			<source>system/modules/org.opencms.apollo/formatters/list-facets.jsp</source>
			<destination>system/modules/org.opencms.apollo/formatters/list-facets.jsp</destination>
			<type>jsp</type>
			<uuidstructure>de7ed78f-41cb-11e6-b24c-0242ac11002b</uuidstructure>
			<uuidresource>de7ed790-41cb-11e6-b24c-0242ac11002b</uuidresource>
			<datecreated>Mon, 04 Jul 2016 09:44:14 GMT</datecreated>
			<flags>0</flags>
			<properties>
				<property>
					<name>Title</name>
					<value><![CDATA[Formatter JSP for archive list filters]]></value>
				</property>
				<property type="shared">
					<name>export</name>
					<value><![CDATA[false]]></value>
				</property>
			</properties>
			<relations/>
			<accesscontrol/>
		</file>
		<file>
			<source>system/modules/org.opencms.apollo/formatters/list-facets.xml</source>
			<destination>system/modules/org.opencms.apollo/formatters/list-facets.xml</destination>
			<type>formatter_config</type>
			<uuidstructure>de8c9333-41cb-11e6-b24c-0242ac11002b</uuidstructure>
			<uuidresource>de8c9334-41cb-11e6-b24c-0242ac11002b</uuidresource>
			<datecreated>Mon, 04 Jul 2016 09:44:14 GMT</datecreated>
			<flags>0</flags>
			<properties>
				<property>
					<name>Title</name>
					<value><![CDATA[List Facets]]></value>
				</property>
				<property>
					<name>locale</name>
					<value><![CDATA[en]]></value>
				</property>
				<property>
					<name>locale-available</name>
					<value><![CDATA[en]]></value>
				</property>
				<property>
					<name>search.exclude</name>
					<value><![CDATA[all]]></value>
				</property>
			</properties>
			<relations/>
			<accesscontrol/>
		</file>
		<file>
			<source>system/modules/org.opencms.apollo/formatters/list-pages.jsp</source>
			<destination>system/modules/org.opencms.apollo/formatters/list-pages.jsp</destination>
			<type>jsp</type>
			<uuidstructure>005152fb-3dc5-11e6-b70e-0242ac11002b</uuidstructure>
			<uuidresource>005152fc-3dc5-11e6-b70e-0242ac11002b</uuidresource>
			<datecreated>Wed, 29 Jun 2016 06:45:00 GMT</datecreated>
			<flags>0</flags>
			<properties>
				<property>
					<name>Title</name>
					<value><![CDATA[List with pagination]]></value>
				</property>
				<property type="shared">
					<name>export</name>
					<value><![CDATA[false]]></value>
				</property>
			</properties>
			<relations/>
			<accesscontrol/>
		</file>
		<file>
			<source>system/modules/org.opencms.apollo/formatters/list-pages.xml</source>
			<destination>system/modules/org.opencms.apollo/formatters/list-pages.xml</destination>
			<type>formatter_config</type>
			<uuidstructure>008497fe-3dc5-11e6-b70e-0242ac11002b</uuidstructure>
			<uuidresource>008497ff-3dc5-11e6-b70e-0242ac11002b</uuidresource>
			<datecreated>Wed, 29 Jun 2016 06:45:00 GMT</datecreated>
			<flags>0</flags>
			<properties>
				<property>
					<name>Title</name>
					<value><![CDATA[List with pagination]]></value>
				</property>
			</properties>
			<relations/>
			<accesscontrol/>
		</file>
		<file>
			<source>system/modules/org.opencms.apollo/formatters/list-scrolling.jsp</source>
			<destination>system/modules/org.opencms.apollo/formatters/list-scrolling.jsp</destination>
			<type>jsp</type>
			<uuidstructure>d2619f72-5871-11e5-b803-0242ac11002b</uuidstructure>
			<uuidresource>d2619f73-5871-11e5-b803-0242ac11002b</uuidresource>
			<datecreated>Fri, 11 Sep 2015 10:42:38 GMT</datecreated>
			<flags>0</flags>
			<properties>
				<property>
					<name>Title</name>
					<value><![CDATA[Formatter JSP for Lists]]></value>
				</property>
				<property type="shared">
					<name>export</name>
					<value><![CDATA[false]]></value>
				</property>
			</properties>
			<relations/>
			<accesscontrol/>
		</file>
		<file>
			<source>system/modules/org.opencms.apollo/formatters/list-scrolling.xml</source>
			<destination>system/modules/org.opencms.apollo/formatters/list-scrolling.xml</destination>
			<type>formatter_config</type>
			<uuidstructure>d268a456-5871-11e5-b803-0242ac11002b</uuidstructure>
			<uuidresource>d268a457-5871-11e5-b803-0242ac11002b</uuidresource>
			<datecreated>Fri, 11 Sep 2015 10:42:38 GMT</datecreated>
			<flags>0</flags>
			<properties>
				<property>
					<name>Title</name>
					<value><![CDATA[List with dynamic loading]]></value>
				</property>
				<property>
					<name>locale</name>
					<value><![CDATA[en]]></value>
				</property>
				<property>
					<name>locale-available</name>
					<value><![CDATA[en]]></value>
				</property>
				<property>
					<name>search.exclude</name>
					<value><![CDATA[all]]></value>
				</property>
			</properties>
			<relations/>
			<accesscontrol/>
		</file>
		<file>
			<source>system/modules/org.opencms.apollo/formatters/list-simple.jsp</source>
			<destination>system/modules/org.opencms.apollo/formatters/list-simple.jsp</destination>
			<type>jsp</type>
			<uuidstructure>fe8cbd59-33cc-11e6-b2da-0242ac11002b</uuidstructure>
			<uuidresource>fe8cbd5a-33cc-11e6-b2da-0242ac11002b</uuidresource>
			<datecreated>Thu, 16 Jun 2016 14:17:01 GMT</datecreated>
			<flags>0</flags>
			<properties>
				<property>
					<name>Title</name>
					<value><![CDATA[Formatter JSP for simple lists]]></value>
				</property>
				<property type="shared">
					<name>export</name>
					<value><![CDATA[false]]></value>
				</property>
			</properties>
			<relations/>
			<accesscontrol/>
		</file>
		<file>
			<source>system/modules/org.opencms.apollo/formatters/list-simple.xml</source>
			<destination>system/modules/org.opencms.apollo/formatters/list-simple.xml</destination>
			<type>formatter_config</type>
			<uuidstructure>fe96815d-33cc-11e6-b2da-0242ac11002b</uuidstructure>
			<uuidresource>fe96815e-33cc-11e6-b2da-0242ac11002b</uuidresource>
			<datecreated>Thu, 16 Jun 2016 14:17:01 GMT</datecreated>
			<flags>0</flags>
			<properties>
				<property>
					<name>Title</name>
					<value><![CDATA[Simple list]]></value>
				</property>
				<property>
					<name>locale</name>
					<value><![CDATA[en]]></value>
				</property>
				<property>
					<name>locale-available</name>
					<value><![CDATA[en]]></value>
				</property>
				<property>
					<name>search.exclude</name>
					<value><![CDATA[all]]></value>
				</property>
			</properties>
			<relations/>
			<accesscontrol/>
		</file>
		<file>
			<destination>system/modules/org.opencms.apollo/i18n</destination>
			<type>folder</type>
			<properties/>
		</file>
		<file>
			<source>system/modules/org.opencms.apollo/i18n/org.opencms.apollo.template.formatters.list</source>
			<destination>system/modules/org.opencms.apollo/i18n/org.opencms.apollo.template.formatters.list</destination>
			<type>xmlvfsbundle</type>
			<uuidstructure>bf88905f-5c82-11e5-96ab-0242ac11002b</uuidstructure>
			<uuidresource>bf889060-5c82-11e5-96ab-0242ac11002b</uuidresource>
			<datecreated>Wed, 16 Sep 2015 14:53:53 GMT</datecreated>
			<flags>0</flags>
			<properties>
				<property>
					<name>Title</name>
					<value><![CDATA[Message keys used in the list formatter]]></value>
				</property>
				<property>
					<name>search.exclude</name>
					<value><![CDATA[all]]></value>
				</property>
			</properties>
			<relations/>
			<accesscontrol/>
		</file>
		<file>
			<source>system/modules/org.opencms.apollo/i18n/org.opencms.apollo.template.formatters.list.messages</source>
			<destination>system/modules/org.opencms.apollo/i18n/org.opencms.apollo.template.formatters.list.messages</destination>
			<type>xmlvfsbundle</type>
			<uuidstructure>3f8520ac-750e-11e6-afc1-0242ac11002b</uuidstructure>
			<uuidresource>3f8520ad-750e-11e6-afc1-0242ac11002b</uuidresource>
			<datecreated>Wed, 07 Sep 2016 15:17:53 GMT</datecreated>
			<flags>0</flags>
			<properties>
				<property>
					<name>Title</name>
					<value><![CDATA[Localization for settings]]></value>
				</property>
				<property>
					<name>search.exclude</name>
					<value><![CDATA[all]]></value>
				</property>
			</properties>
			<relations/>
			<accesscontrol/>
		</file>
		<file>
			<source>system/modules/org.opencms.apollo/i18n/org.opencms.apollo.template.list.messages</source>
			<destination>system/modules/org.opencms.apollo/i18n/org.opencms.apollo.template.list.messages</destination>
			<type>xmlvfsbundle</type>
			<uuidstructure>d98d6090-75aa-11e6-805e-0242ac11002b</uuidstructure>
			<uuidresource>d98d6091-75aa-11e6-805e-0242ac11002b</uuidresource>
			<datecreated>Thu, 08 Sep 2016 09:58:53 GMT</datecreated>
			<flags>0</flags>
			<properties>
				<property>
					<name>content-encoding</name>
					<value><![CDATA[ISO-8859-1]]></value>
				</property>
				<property>
					<name>search.exclude</name>
					<value><![CDATA[all]]></value>
				</property>
			</properties>
			<relations/>
			<accesscontrol/>
		</file>
		<file>
			<source>system/modules/org.opencms.apollo/i18n/org.opencms.apollo.template.schemas.list</source>
			<destination>system/modules/org.opencms.apollo/i18n/org.opencms.apollo.template.schemas.list</destination>
			<type>xmlvfsbundle</type>
			<uuidstructure>1a5e04ec-7f02-11e6-95f6-0242ac11002b</uuidstructure>
			<uuidresource>1a5e04ed-7f02-11e6-95f6-0242ac11002b</uuidresource>
			<datecreated>Tue, 20 Sep 2016 07:16:09 GMT</datecreated>
			<flags>0</flags>
			<properties>
				<property>
					<name>content-encoding</name>
					<value><![CDATA[ISO-8859-1]]></value>
				</property>
			</properties>
			<relations/>
			<accesscontrol/>
		</file>
		<file>
			<destination>system/modules/org.opencms.apollo/schemas</destination>
			<type>folder</type>
			<properties/>
		</file>
		<file>
			<source>system/modules/org.opencms.apollo/schemas/list.xsd</source>
			<destination>system/modules/org.opencms.apollo/schemas/list.xsd</destination>
			<type>plain</type>
			<uuidstructure>7c56cd3d-57d2-11e5-b803-0242ac11002b</uuidstructure>
			<uuidresource>7c56cd3e-57d2-11e5-b803-0242ac11002b</uuidresource>
			<datecreated>Thu, 10 Sep 2015 15:42:04 GMT</datecreated>
			<flags>0</flags>
			<properties>
				<property>
					<name>Title</name>
					<value><![CDATA[XSD for a list]]></value>
				</property>
			</properties>
			<relations/>
			<accesscontrol/>
		</file>
		<file>
			<destination>system/modules/org.opencms.apollo/tags</destination>
			<type>folder</type>
			<properties/>
		</file>
		<file>
			<source>system/modules/org.opencms.apollo/tags/list-archive-search.tag</source>
			<destination>system/modules/org.opencms.apollo/tags/list-archive-search.tag</destination>
			<type>jsp</type>
			<uuidstructure>ac1d6de4-26fd-11e6-9192-0242ac11002b</uuidstructure>
			<uuidresource>ac1d6de5-26fd-11e6-9192-0242ac11002b</uuidresource>
			<datecreated>Tue, 31 May 2016 07:02:43 GMT</datecreated>
			<flags>0</flags>
			<properties>
				<property>
					<name>Title</name>
					<value><![CDATA[List archive search tag]]></value>
				</property>
				<property type="shared">
					<name>export</name>
					<value><![CDATA[false]]></value>
				</property>
			</properties>
			<relations/>
			<accesscontrol/>
		</file>
		<file>
			<source>system/modules/org.opencms.apollo/tags/list-body.tag</source>
			<destination>system/modules/org.opencms.apollo/tags/list-body.tag</destination>
			<type>jsp</type>
			<uuidstructure>6babc6d8-3dc5-11e6-b70e-0242ac11002b</uuidstructure>
			<uuidresource>6babc6d9-3dc5-11e6-b70e-0242ac11002b</uuidresource>
			<datecreated>Wed, 29 Jun 2016 06:48:00 GMT</datecreated>
			<flags>0</flags>
			<properties>
				<property>
					<name>Title</name>
					<value><![CDATA[List body tag for AJAX lists]]></value>
				</property>
			</properties>
			<relations/>
			<accesscontrol/>
		</file>
		<file>
			<source>system/modules/org.opencms.apollo/tags/list-facetbutton.tag</source>
			<destination>system/modules/org.opencms.apollo/tags/list-facetbutton.tag</destination>
			<type>jsp</type>
			<uuidstructure>6bb27d9a-3dc5-11e6-b70e-0242ac11002b</uuidstructure>
			<uuidresource>6bb27d9b-3dc5-11e6-b70e-0242ac11002b</uuidresource>
			<datecreated>Wed, 29 Jun 2016 06:48:00 GMT</datecreated>
			<flags>0</flags>
			<properties>
				<property>
					<name>Title</name>
					<value><![CDATA[Facet button tag for AJAX lists]]></value>
				</property>
			</properties>
			<relations/>
			<accesscontrol/>
		</file>
		<file>
			<source>system/modules/org.opencms.apollo/tags/list-facetrow.tag</source>
			<destination>system/modules/org.opencms.apollo/tags/list-facetrow.tag</destination>
			<type>jsp</type>
			<uuidstructure>6bb95b6c-3dc5-11e6-b70e-0242ac11002b</uuidstructure>
			<uuidresource>6bb95b6d-3dc5-11e6-b70e-0242ac11002b</uuidresource>
			<datecreated>Wed, 29 Jun 2016 06:48:00 GMT</datecreated>
			<flags>0</flags>
			<properties>
				<property>
					<name>Title</name>
					<value><![CDATA[Facet and sort button tag for AJAX lists]]></value>
				</property>
			</properties>
			<relations/>
			<accesscontrol/>
		</file>
		<file>
			<source>system/modules/org.opencms.apollo/tags/list-item-compact.tag</source>
			<destination>system/modules/org.opencms.apollo/tags/list-item-compact.tag</destination>
			<type>jsp</type>
			<uuidstructure>c62773e4-7044-11e6-9a42-0242ac11002b</uuidstructure>
			<uuidresource>c627e915-7044-11e6-9a42-0242ac11002b</uuidresource>
			<datecreated>Thu, 01 Sep 2016 13:05:36 GMT</datecreated>
			<flags>0</flags>
			<properties>
				<property>
					<name>Title</name>
					<value><![CDATA[Formats a list item in compact form]]></value>
				</property>
			</properties>
			<relations/>
			<accesscontrol/>
		</file>
		<file>
			<source>system/modules/org.opencms.apollo/tags/list-loadbutton.tag</source>
			<destination>system/modules/org.opencms.apollo/tags/list-loadbutton.tag</destination>
			<type>jsp</type>
			<uuidstructure>6bc0122e-3dc5-11e6-b70e-0242ac11002b</uuidstructure>
			<uuidresource>6bc0122f-3dc5-11e6-b70e-0242ac11002b</uuidresource>
			<datecreated>Wed, 29 Jun 2016 06:48:00 GMT</datecreated>
			<flags>0</flags>
			<properties>
				<property>
					<name>Title</name>
					<value><![CDATA[Dynamic loading button for AJAX lists]]></value>
				</property>
			</properties>
			<relations/>
			<accesscontrol/>
		</file>
		<file>
			<source>system/modules/org.opencms.apollo/tags/list-main.tag</source>
			<destination>system/modules/org.opencms.apollo/tags/list-main.tag</destination>
			<type>jsp</type>
			<uuidstructure>6bd261b2-3dc5-11e6-b70e-0242ac11002b</uuidstructure>
			<uuidresource>6bd261b3-3dc5-11e6-b70e-0242ac11002b</uuidresource>
			<datecreated>Wed, 29 Jun 2016 06:48:00 GMT</datecreated>
			<flags>0</flags>
			<properties>
				<property>
					<name>Title</name>
					<value><![CDATA[Search and display list tag]]></value>
				</property>
			</properties>
			<relations/>
			<accesscontrol/>
		</file>
		<file>
			<source>system/modules/org.opencms.apollo/tags/list-pagination.tag</source>
			<destination>system/modules/org.opencms.apollo/tags/list-pagination.tag</destination>
			<type>jsp</type>
			<uuidstructure>6bc73e20-3dc5-11e6-b70e-0242ac11002b</uuidstructure>
			<uuidresource>6bc73e21-3dc5-11e6-b70e-0242ac11002b</uuidresource>
			<datecreated>Wed, 29 Jun 2016 06:48:00 GMT</datecreated>
			<flags>0</flags>
			<properties>
				<property>
					<name>Title</name>
					<value><![CDATA[Pagination row tag for AJAX lists]]></value>
				</property>
			</properties>
			<relations/>
			<accesscontrol/>
		</file>
		<file>
			<source>system/modules/org.opencms.apollo/tags/list-search.tag</source>
			<destination>system/modules/org.opencms.apollo/tags/list-search.tag</destination>
			<type>jsp</type>
			<uuidstructure>6432ffcb-345f-11e6-b2da-0242ac11002b</uuidstructure>
			<uuidresource>6432ffcc-345f-11e6-b2da-0242ac11002b</uuidresource>
			<datecreated>Fri, 17 Jun 2016 07:44:58 GMT</datecreated>
			<flags>0</flags>
			<properties>
				<property>
					<name>Title</name>
					<value><![CDATA[Solr search tag for AJAX lists]]></value>
				</property>
			</properties>
			<relations/>
			<accesscontrol/>
		</file>
		<file>
			<source>system/modules/org.opencms.apollo/tags/list-sortbutton.tag</source>
			<destination>system/modules/org.opencms.apollo/tags/list-sortbutton.tag</destination>
			<type>jsp</type>
			<uuidstructure>6b9c8494-3dc5-11e6-b70e-0242ac11002b</uuidstructure>
			<uuidresource>6b9c8495-3dc5-11e6-b70e-0242ac11002b</uuidresource>
			<datecreated>Wed, 29 Jun 2016 06:48:00 GMT</datecreated>
			<flags>0</flags>
			<properties>
				<property>
					<name>Title</name>
					<value><![CDATA[Sort button tag for AJAX lists]]></value>
				</property>
			</properties>
			<relations/>
			<accesscontrol/>
		</file>
		<file>
			<destination>system/workplace</destination>
			<type>folder</type>
			<properties/>
		</file>
		<file>
			<destination>system/workplace/resources</destination>
			<type>folder</type>
			<properties/>
		</file>
		<file>
			<destination>system/workplace/resources/filetypes</destination>
			<type>folder</type>
			<properties/>
		</file>
		<file>
			<source>system/workplace/resources/filetypes/a-list.png</source>
			<destination>system/workplace/resources/filetypes/a-list.png</destination>
			<type>image</type>
			<uuidstructure>7c5ebb80-57d2-11e5-b803-0242ac11002b</uuidstructure>
			<uuidresource>1a336564-57d3-11e5-b803-0242ac11002b</uuidresource>
			<datecreated>Thu, 10 Sep 2015 15:46:29 GMT</datecreated>
			<flags>0</flags>
			<properties>
				<property type="shared">
					<name>image.size</name>
					<value><![CDATA[w:16,h:16]]></value>
				</property>
			</properties>
			<relations/>
			<accesscontrol/>
		</file>
		<file>
			<source>system/workplace/resources/filetypes/a-list_big.png</source>
			<destination>system/workplace/resources/filetypes/a-list_big.png</destination>
			<type>image</type>
			<uuidstructure>7c61efd4-57d2-11e5-b803-0242ac11002b</uuidstructure>
			<uuidresource>24139ff9-57d3-11e5-b803-0242ac11002b</uuidresource>
			<datecreated>Thu, 10 Sep 2015 15:46:45 GMT</datecreated>
			<flags>0</flags>
			<properties>
				<property type="shared">
					<name>image.size</name>
					<value><![CDATA[w:24,h:24]]></value>
				</property>
			</properties>
			<relations/>
			<accesscontrol/>
		</file>
	</files>
</export>
