<?xml version="1.0" encoding="UTF-8"?>

<MacroFormatters xmlns:xsi="http://www.w3.org/2001/XMLSchema-instance" xsi:noNamespaceSchemaLocation="opencms://system/modules/org.opencms.ade.config/schemas/formatters/macro_formatter.xsd">
  <MacroFormatter language="en">
    <NiceName><![CDATA[Image animation with text]]></NiceName>
    <Type><![CDATA[a-section]]></Type>
    <Rank><![CDATA[5240]]></Rank>
    <Match>
      <Types>
        <ContainerType><![CDATA[element]]></ContainerType>
        <ContainerType><![CDATA[section]]></ContainerType>
      </Types>
    </Match>
    <AutoEnabled>true</AutoEnabled>
    <Detail>false</Detail>
    <Display>false</Display>
    <Macro><![CDATA[<div class="ap-sec %(settings.wrapperclass)">
  %(imageanim)
  %(text)
</div>]]></Macro>
    <Formatters>
      <Formatter>
        <link type="WEAK">
          <target><![CDATA[/system/modules/org.opencms.apollo/formatters/image-animation.xml]]></target>
          <uuid>cb455793-5c7b-11e5-96ab-0242ac11002b</uuid>
        </link>
      </Formatter>
      <MacroName><![CDATA[imageanim]]></MacroName>
    </Formatters>
    <Formatters>
      <Formatter>
        <link type="WEAK">
          <target><![CDATA[/system/modules/org.opencms.apollo/formatters/section-text.xml]]></target>
          <uuid>fcab1d1e-eb7d-11e5-854f-0242ac11002b</uuid>
        </link>
      </Formatter>
      <MacroName><![CDATA[text]]></MacroName>
    </Formatters>
    <Setting>
      <PropertyName><![CDATA[wrapperclass]]></PropertyName>
      <DisplayName><![CDATA[%(key.apollo.setting.cssclass)]]></DisplayName>
      <Description><![CDATA[%(key.apollo.setting.cssclass.description)]]></Description>
      <Widget><![CDATA[selectcombo]]></Widget>
      <WidgetConfig><![CDATA[%(page-property:apollo.css.wrapper)]]></WidgetConfig>
    </Setting>
  </MacroFormatter>
</MacroFormatters>
