<?xml version="1.0" encoding="UTF-8"?>

<MacroFormatters xmlns:xsi="http://www.w3.org/2001/XMLSchema-instance" xsi:noNamespaceSchemaLocation="opencms://system/modules/org.opencms.ade.config/schemas/formatters/macro_formatter.xsd">
  <MacroFormatter language="en">
    <NiceName><![CDATA[Headline on top, small image right]]></NiceName>
    <Type><![CDATA[a-section]]></Type>
    <Rank><![CDATA[7300]]></Rank>
    <Match>
      <Types>
        <ContainerType><![CDATA[element]]></ContainerType>
        <ContainerType><![CDATA[section]]></ContainerType>
      </Types>
    </Match>
    <AutoEnabled>true</AutoEnabled>
    <Detail>false</Detail>
    <Display>false</Display>
    <Macro><![CDATA[<div class="row ap-sec %(settings.wrapperclass)">
  <div class="col-sm-12">
    %(headline)
  </div>
  <div class="col-xs-10 col-sm-9">
    %(text)
  </div>
  <div class="col-xs-2 col-sm-3">
    %(image)
  </div>
</div>]]></Macro>
    <Formatters>
      <Formatter>
        <link type="WEAK">
          <target><![CDATA[/system/modules/org.opencms.apollo/formatters/section-headline.xml]]></target>
          <uuid>261ffa03-eb7c-11e5-854f-0242ac11002b</uuid>
        </link>
      </Formatter>
      <MacroName><![CDATA[headline]]></MacroName>
    </Formatters>
    <Formatters>
      <Formatter>
        <link type="WEAK">
          <target><![CDATA[/system/modules/org.opencms.apollo/formatters/section-text.xml]]></target>
          <uuid>fcab1d1e-eb7d-11e5-854f-0242ac11002b</uuid>
        </link>
      </Formatter>
      <MacroName><![CDATA[text]]></MacroName>
    </Formatters>
    <Formatters>
      <Formatter>
        <link type="WEAK">
          <target><![CDATA[/system/modules/org.opencms.apollo/formatters/section-image.xml]]></target>
          <uuid>3677fe84-5bc0-11e5-8f8e-0242ac11002b</uuid>
        </link>
      </Formatter>
      <MacroName><![CDATA[image]]></MacroName>
    </Formatters>
    <Setting>
      <PropertyName><![CDATA[wrapperclass]]></PropertyName>
      <DisplayName><![CDATA[%(key.apollo.setting.cssclass)]]></DisplayName>
      <Description><![CDATA[%(key.apollo.setting.cssclass.description)]]></Description>
      <Widget><![CDATA[selectcombo]]></Widget>
      <WidgetConfig><![CDATA[%(page-property:apollo.css.wrapper)]]></WidgetConfig>
    </Setting>
  </MacroFormatter>
</MacroFormatters>
