<?xml version="1.0" encoding="UTF-8"?>

<export>
	<info>
		<infoproject>Offline</infoproject>
		<export_version>10</export_version>
	</info>
	<module>
		<name>org.opencms.workplace.tools.searchindex</name>
		<nicename><![CDATA[OpenCms Search index administration tools]]></nicename>
		<group>OpenCms Workplace</group>
		<class/>
    <import-script><![CDATA[
# sets access control entries  and properties on folders not exclusively belonging to this module
writeProperty '/system/workplace/admin/searchindex/' 'Description' '${key.admin.searchindex.description}'
writeProperty '/system/workplace/admin/searchindex/' 'NavImage' 'tools/searchindex/icons/big/searchindex.png:tools/searchindex/icons/small/searchindex.png'
writeProperty '/system/workplace/admin/searchindex/' 'NavInfo' '${key.admin.view.groups.searchindex}'
writeProperty '/system/workplace/admin/searchindex/' 'NavPos' '80.0'
writeProperty '/system/workplace/admin/searchindex/' 'NavText' '${key.GUI_NAVTEXT_SEARCHINDEX_SHORT_0}'
writeProperty '/system/workplace/admin/searchindex/' 'Title' 'Search Index'
writeProperty '/system/workplace/admin/searchindex/' 'admintoolhandler-class' 'org.opencms.workplace.tools.searchindex.CmsSearchToolHandler'
writeProperty '/system/workplace/admin/searchindex/' 'default-file' 'index.jsp'

writeProperty '/system/workplace/admin/searchindex/sourcesearch/' 'Description' '${key.GUI_SOURCESEARCH_ADMIN_TOOL_HELP_0}'
writeProperty '/system/workplace/admin/searchindex/sourcesearch/' 'NavImage' 'tools/searchindex/icons/big/sourcesearch.png'
writeProperty '/system/workplace/admin/searchindex/sourcesearch/' 'NavInfo' '${key.GUI_SOURCESEARCH_ADMIN_TOOL_GROUP_0}'
writeProperty '/system/workplace/admin/searchindex/sourcesearch/' 'NavPos' '50.0'
writeProperty '/system/workplace/admin/searchindex/sourcesearch/' 'NavText' '${key.GUI_SOURCESEARCH_ADMIN_TOOL_NAME_0}'
writeProperty '/system/workplace/admin/searchindex/sourcesearch/' 'Title' 'Source search'
writeProperty '/system/workplace/admin/searchindex/sourcesearch/' 'admintoolhandler-class' 'org.opencms.workplace.tools.CmsOnlyAdminToolHandler'
writeProperty '/system/workplace/admin/searchindex/sourcesearch/' 'default-file' 'index.jsp'
		]]></import-script>
		<export-mode name="reduced"/>
		<description><![CDATA[<p>This module contains tools related to the search capabilities of OpenCms.</p>
<p>Install this module if you need search capabilities in OpenCms.</p>
<p><i>&copy; 2016 by Alkacon Software GmbH (http://www.alkacon.com).</i></p>]]></description>
		<version>10.5.0</version>
		<authorname><![CDATA[Alkacon Software GmbH]]></authorname>
		<authoremail><![CDATA[info@alkacon.com]]></authoremail>
		<datecreated>Mon, 27 Jun 2005 08:00:00 GMT</datecreated>
		<userinstalled/>
		<dateinstalled/>
		<dependencies>
			<dependency name="org.opencms.workplace" version="10.0.0"/>
			<dependency name="org.opencms.workplace.administration" version="10.0.0"/>
		</dependencies>
		<exportpoints/>
		<resources>
			<resource uri="/system/workplace/admin/searchindex/fieldconfiguration-delete.jsp"/>
			<resource uri="/system/workplace/admin/searchindex/fieldconfiguration-deletefield.jsp"/>
			<resource uri="/system/workplace/admin/searchindex/fieldconfiguration-edit.jsp"/>
			<resource uri="/system/workplace/admin/searchindex/fieldconfiguration-editfield.jsp"/>
			<resource uri="/system/workplace/admin/searchindex/fieldconfiguration-editmapping.jsp"/>
			<resource uri="/system/workplace/admin/searchindex/fieldconfiguration-index.jsp"/>
			<resource uri="/system/workplace/admin/searchindex/fieldconfiguration-new.jsp"/>
			<resource uri="/system/workplace/admin/searchindex/fieldconfiguration-newfield.jsp"/>
			<resource uri="/system/workplace/admin/searchindex/fieldconfiguration-newmapping.jsp"/>
			<resource uri="/system/workplace/admin/searchindex/fieldconfiguration-overview.jsp"/>
			<resource uri="/system/workplace/admin/searchindex/fieldconfiguration-overviewfield.jsp"/>
			<resource uri="/system/workplace/admin/searchindex/index.jsp"/>
			<resource uri="/system/workplace/admin/searchindex/indexsource-delete.jsp"/>
			<resource uri="/system/workplace/admin/searchindex/indexsource-doctypes.jsp"/>
			<resource uri="/system/workplace/admin/searchindex/indexsource-edit.jsp"/>
			<resource uri="/system/workplace/admin/searchindex/indexsource-index.jsp"/>
			<resource uri="/system/workplace/admin/searchindex/indexsource-new.jsp"/>
			<resource uri="/system/workplace/admin/searchindex/indexsource-overview.jsp"/>
			<resource uri="/system/workplace/admin/searchindex/indexsource-resources.jsp"/>
			<resource uri="/system/workplace/admin/searchindex/searchindex-new.jsp"/>
			<resource uri="/system/workplace/admin/searchindex/searchindex_delete.jsp"/>
			<resource uri="/system/workplace/admin/searchindex/searchindex_edit.jsp"/>
			<resource uri="/system/workplace/admin/searchindex/searchindex_overview.jsp"/>
			<resource uri="/system/workplace/admin/searchindex/searchindex_rebuild.jsp"/>
			<resource uri="/system/workplace/admin/searchindex/searchindex_rebuild_report.jsp"/>
			<resource uri="/system/workplace/admin/searchindex/searchindex_search.jsp"/>
			<resource uri="/system/workplace/admin/searchindex/searchindex_sources.jsp"/>
			<resource uri="/system/workplace/admin/searchindex/sourcesearch/fileslist.jsp"/>
			<resource uri="/system/workplace/admin/searchindex/sourcesearch/index.jsp"/>
			<resource uri="/system/workplace/admin/searchindex/sourcesearch/sourcesearch.jsp"/>
			<resource uri="/system/workplace/resources/tools/searchindex/icons/big/fieldconfiguration-delete.png"/>
			<resource uri="/system/workplace/resources/tools/searchindex/icons/big/fieldconfiguration-edit.png"/>
			<resource uri="/system/workplace/resources/tools/searchindex/icons/big/fieldconfiguration-editfield.png"/>
			<resource uri="/system/workplace/resources/tools/searchindex/icons/big/fieldconfiguration-new.png"/>
			<resource uri="/system/workplace/resources/tools/searchindex/icons/big/fieldconfiguration-newfield.png"/>
			<resource uri="/system/workplace/resources/tools/searchindex/icons/big/fieldconfiguration-newmapping.png"/>
			<resource uri="/system/workplace/resources/tools/searchindex/icons/big/fieldconfiguration-overview.png"/>
			<resource uri="/system/workplace/resources/tools/searchindex/icons/big/fieldconfiguration-overviewfield.png"/>
			<resource uri="/system/workplace/resources/tools/searchindex/icons/big/fieldconfiguration.png"/>
			<resource uri="/system/workplace/resources/tools/searchindex/icons/big/indexsource-delete.png"/>
			<resource uri="/system/workplace/resources/tools/searchindex/icons/big/indexsource-doctypes.png"/>
			<resource uri="/system/workplace/resources/tools/searchindex/icons/big/indexsource-edit.png"/>
			<resource uri="/system/workplace/resources/tools/searchindex/icons/big/indexsource-new.png"/>
			<resource uri="/system/workplace/resources/tools/searchindex/icons/big/indexsource-resources.png"/>
			<resource uri="/system/workplace/resources/tools/searchindex/icons/big/indexsource.png"/>
			<resource uri="/system/workplace/resources/tools/searchindex/icons/big/searchindex-delete.png"/>
			<resource uri="/system/workplace/resources/tools/searchindex/icons/big/searchindex-edit.png"/>
			<resource uri="/system/workplace/resources/tools/searchindex/icons/big/searchindex-new.png"/>
			<resource uri="/system/workplace/resources/tools/searchindex/icons/big/searchindex-rebuild.png"/>
			<resource uri="/system/workplace/resources/tools/searchindex/icons/big/searchindex-search.png"/>
			<resource uri="/system/workplace/resources/tools/searchindex/icons/big/searchindex.png"/>
			<resource uri="/system/workplace/resources/tools/searchindex/icons/big/sourcesearch.png"/>
			<resource uri="/system/workplace/resources/tools/searchindex/icons/small/fieldconfiguration-edit.png"/>
			<resource uri="/system/workplace/resources/tools/searchindex/icons/small/fieldconfiguration-editfield.png"/>
			<resource uri="/system/workplace/resources/tools/searchindex/icons/small/fieldconfiguration-mapping.png"/>
			<resource uri="/system/workplace/resources/tools/searchindex/icons/small/indexsource-doctype.png"/>
			<resource uri="/system/workplace/resources/tools/searchindex/icons/small/indexsource-resources.png"/>
			<resource uri="/system/workplace/resources/tools/searchindex/icons/small/indexsource.png"/>
			<resource uri="/system/workplace/resources/tools/searchindex/icons/small/multi-rebuild.png"/>
			<resource uri="/system/workplace/resources/tools/searchindex/icons/small/rebuild.png"/>
			<resource uri="/system/workplace/resources/tools/searchindex/icons/small/searchindex.png"/>
		</resources>
		<excluderesources/>
		<parameters/>
	</module>
	<files>
		<file>
			<destination>system</destination>
			<type>folder</type>
			<properties/>
		</file>
		<file>
			<destination>system/workplace</destination>
			<type>folder</type>
			<properties/>
		</file>
		<file>
			<destination>system/workplace/admin</destination>
			<type>folder</type>
			<properties/>
		</file>
		<file>
			<destination>system/workplace/admin/searchindex</destination>
			<type>folder</type>
			<properties/>
		</file>
		<file>
			<source>system/workplace/admin/searchindex/fieldconfiguration-delete.jsp</source>
			<destination>system/workplace/admin/searchindex/fieldconfiguration-delete.jsp</destination>
			<type>jsp</type>
			<uuidstructure>4dde8cae-88ff-11db-bfc9-09c80f20c0b6</uuidstructure>
			<uuidresource>4dde8caf-88ff-11db-bfc9-09c80f20c0b6</uuidresource>
			<datecreated>Mon, 11 Dec 2006 10:06:44 GMT</datecreated>
			<flags>0</flags>
			<properties>
				<property>
					<name>Description</name>
					<value><![CDATA[${key.GUI_GROUPS_FIELDCONFIGURATION_TOOL_DELETE_HELP_0}]]></value>
				</property>
				<property>
					<name>NavImage</name>
					<value><![CDATA[tools/searchindex/icons/big/fieldconfiguration-delete.png]]></value>
				</property>
				<property>
					<name>NavInfo</name>
					<value><![CDATA[${key.GUI_GROUPS_FIELDCONFIGURATION_TOOL_GROUP_0}]]></value>
				</property>
				<property>
					<name>NavPos</name>
					<value><![CDATA[4.0]]></value>
				</property>
				<property>
					<name>NavText</name>
					<value><![CDATA[${key.GUI_LIST_FIELDCONFIGURATION_ACTION_DELETE_NAME_0}]]></value>
				</property>
				<property>
					<name>Title</name>
					<value><![CDATA[Delete field configuration]]></value>
				</property>
				<property>
					<name>admintoolhandler-args</name>
					<value><![CDATA[params:action=initial&fieldconfiguration=${param.fieldconfiguration}|path:/searchindex/fieldconfigurations/fieldconfiguration/delete]]></value>
				</property>
				<property>
					<name>admintoolhandler-class</name>
					<value><![CDATA[org.opencms.workplace.tools.searchindex.CmsSearchToolHandler]]></value>
				</property>
				<property type="shared">
					<name>export</name>
					<value><![CDATA[false]]></value>
				</property>
			</properties>
			<relations/>
			<accesscontrol/>
		</file>
		<file>
			<source>system/workplace/admin/searchindex/fieldconfiguration-deletefield.jsp</source>
			<destination>system/workplace/admin/searchindex/fieldconfiguration-deletefield.jsp</destination>
			<type>jsp</type>
			<uuidstructure>59555f81-8ac1-11db-9843-7102f397f5de</uuidstructure>
			<uuidresource>59555f82-8ac1-11db-9843-7102f397f5de</uuidresource>
			<datecreated>Wed, 13 Dec 2006 15:48:16 GMT</datecreated>
			<flags>0</flags>
			<properties>
				<property>
					<name>Description</name>
					<value><![CDATA[${key.GUI_GROUPS_FIELD_TOOL_DELETE_HELP_0}]]></value>
				</property>
				<property>
					<name>NavImage</name>
					<value><![CDATA[tools/searchindex/icons/big/fieldconfiguration-delete.png]]></value>
				</property>
				<property>
					<name>NavInfo</name>
					<value><![CDATA[${key.GUI_GROUPS_FIELD_TOOL_GROUP_0}]]></value>
				</property>
				<property>
					<name>NavPos</name>
					<value><![CDATA[4.0]]></value>
				</property>
				<property>
					<name>NavText</name>
					<value><![CDATA[${key.GUI_GROUPS_FIELD_TOOL_DELETE_0}]]></value>
				</property>
				<property>
					<name>Title</name>
					<value><![CDATA[Delete field]]></value>
				</property>
				<property>
					<name>admintoolhandler-args</name>
					<value><![CDATA[params:action=initial&fieldconfiguration=${param.fieldconfiguration}&field=${param.field}|path:/searchindex/fieldconfigurations/fieldconfiguration/field/delete]]></value>
				</property>
				<property>
					<name>admintoolhandler-class</name>
					<value><![CDATA[org.opencms.workplace.tools.searchindex.CmsSearchToolHandler]]></value>
				</property>
				<property type="shared">
					<name>export</name>
					<value><![CDATA[false]]></value>
				</property>
			</properties>
			<relations/>
			<accesscontrol/>
		</file>
		<file>
			<source>system/workplace/admin/searchindex/fieldconfiguration-edit.jsp</source>
			<destination>system/workplace/admin/searchindex/fieldconfiguration-edit.jsp</destination>
			<type>jsp</type>
			<uuidstructure>e1d6659f-88f9-11db-bfc9-09c80f20c0b6</uuidstructure>
			<uuidresource>e1d665a0-88f9-11db-bfc9-09c80f20c0b6</uuidresource>
			<datecreated>Mon, 11 Dec 2006 09:27:55 GMT</datecreated>
			<flags>0</flags>
			<properties>
				<property>
					<name>Description</name>
					<value><![CDATA[${key.GUI_GROUPS_FIELDCONFIGURATION_TOOL_EDIT_HELP_0}]]></value>
				</property>
				<property>
					<name>NavImage</name>
					<value><![CDATA[tools/searchindex/icons/big/fieldconfiguration-edit.png]]></value>
				</property>
				<property>
					<name>NavInfo</name>
					<value><![CDATA[${key.GUI_GROUPS_FIELDCONFIGURATION_TOOL_GROUP_0}]]></value>
				</property>
				<property>
					<name>NavPos</name>
					<value><![CDATA[1.0]]></value>
				</property>
				<property>
					<name>NavText</name>
					<value><![CDATA[${key.GUI_GROUPS_FIELDCONFIGURATION_TOOL_EDIT_0}]]></value>
				</property>
				<property>
					<name>Title</name>
					<value><![CDATA[Edit field configuration]]></value>
				</property>
				<property>
					<name>admintoolhandler-args</name>
					<value><![CDATA[params:fieldconfiguration=${param.fieldconfiguration}|path:/searchindex/fieldconfigurations/fieldconfiguration/edit]]></value>
				</property>
				<property>
					<name>admintoolhandler-class</name>
					<value><![CDATA[org.opencms.workplace.tools.searchindex.CmsSearchToolHandler]]></value>
				</property>
				<property type="shared">
					<name>export</name>
					<value><![CDATA[false]]></value>
				</property>
			</properties>
			<relations/>
			<accesscontrol/>
		</file>
		<file>
			<source>system/workplace/admin/searchindex/fieldconfiguration-editfield.jsp</source>
			<destination>system/workplace/admin/searchindex/fieldconfiguration-editfield.jsp</destination>
			<type>jsp</type>
			<uuidstructure>0c40c982-88fc-11db-bfc9-09c80f20c0b6</uuidstructure>
			<uuidresource>0c40c983-88fc-11db-bfc9-09c80f20c0b6</uuidresource>
			<datecreated>Mon, 11 Dec 2006 09:43:25 GMT</datecreated>
			<flags>0</flags>
			<properties>
				<property>
					<name>Description</name>
					<value><![CDATA[${key.GUI_GROUPS_FIELD_TOOL_EDIT_HELP_0}]]></value>
				</property>
				<property>
					<name>NavImage</name>
					<value><![CDATA[tools/searchindex/icons/big/fieldconfiguration-editfield.png]]></value>
				</property>
				<property>
					<name>NavInfo</name>
					<value><![CDATA[${key.GUI_GROUPS_FIELD_TOOL_GROUP_0}]]></value>
				</property>
				<property>
					<name>NavPos</name>
					<value><![CDATA[2.0]]></value>
				</property>
				<property>
					<name>NavText</name>
					<value><![CDATA[${key.GUI_GROUPS_FIELD_TOOL_EDIT_0}]]></value>
				</property>
				<property>
					<name>Title</name>
					<value><![CDATA[Edit field]]></value>
				</property>
				<property>
					<name>admintoolhandler-args</name>
					<value><![CDATA[params:action=initial&fieldconfiguration=${param.fieldconfiguration}&field=${param.field}|path:/searchindex/fieldconfigurations/fieldconfiguration/field/edit]]></value>
				</property>
				<property>
					<name>admintoolhandler-class</name>
					<value><![CDATA[org.opencms.workplace.tools.searchindex.CmsSearchToolHandler]]></value>
				</property>
				<property type="shared">
					<name>export</name>
					<value><![CDATA[false]]></value>
				</property>
			</properties>
			<relations/>
			<accesscontrol/>
		</file>
		<file>
			<source>system/workplace/admin/searchindex/fieldconfiguration-editmapping.jsp</source>
			<destination>system/workplace/admin/searchindex/fieldconfiguration-editmapping.jsp</destination>
			<type>jsp</type>
			<uuidstructure>4d61ce0a-8ac4-11db-9e12-7102f397f5de</uuidstructure>
			<uuidresource>4d61ce0b-8ac4-11db-9e12-7102f397f5de</uuidresource>
			<datecreated>Wed, 13 Dec 2006 16:09:25 GMT</datecreated>
			<flags>0</flags>
			<properties>
				<property>
					<name>NavImage</name>
					<value><![CDATA[tools/searchindex/icons/big/fieldconfiguration-editfield.png]]></value>
				</property>
				<property>
					<name>NavPos</name>
					<value><![CDATA[2.0]]></value>
				</property>
				<property>
					<name>Title</name>
					<value><![CDATA[Edit mapping]]></value>
				</property>
				<property>
					<name>admintoolhandler-args</name>
					<value><![CDATA[params:action=initial&fieldconfiguration=${param.fieldconfiguration}&field=${param.field}&param=${param.param}&type=${param.type}|path:/searchindex/fieldconfigurations/fieldconfiguration/field/editmapping]]></value>
				</property>
				<property>
					<name>admintoolhandler-class</name>
					<value><![CDATA[org.opencms.workplace.tools.CmsInvisibleToolHandler]]></value>
				</property>
				<property type="shared">
					<name>export</name>
					<value><![CDATA[false]]></value>
				</property>
			</properties>
			<relations/>
			<accesscontrol/>
		</file>
		<file>
			<source>system/workplace/admin/searchindex/fieldconfiguration-index.jsp</source>
			<destination>system/workplace/admin/searchindex/fieldconfiguration-index.jsp</destination>
			<type>jsp</type>
			<uuidstructure>60ae6d28-838e-11db-8c34-09c80f20c0b6</uuidstructure>
			<uuidresource>60ae6d29-838e-11db-8c34-09c80f20c0b6</uuidresource>
			<datecreated>Mon, 04 Dec 2006 11:55:46 GMT</datecreated>
			<flags>0</flags>
			<properties>
				<property>
					<name>Description</name>
					<value><![CDATA[${key.GUI_GROUPS_FIELDCONFIGURATION_TOOL_INDEX_HELP_0}]]></value>
				</property>
				<property>
					<name>NavImage</name>
					<value><![CDATA[tools/searchindex/icons/big/fieldconfiguration.png]]></value>
				</property>
				<property>
					<name>NavInfo</name>
					<value><![CDATA[${key.GUI_GROUPS_SEARCHINDEX_TOOL_GROUP_0}]]></value>
				</property>
				<property>
					<name>NavPos</name>
					<value><![CDATA[15.0]]></value>
				</property>
				<property>
					<name>NavText</name>
					<value><![CDATA[${key.GUI_GROUPS_FIELDCONFIGURATION_TOOL_INDEX_0}]]></value>
				</property>
				<property>
					<name>Title</name>
					<value><![CDATA[A list of all field configurations of the OpenCms installation]]></value>
				</property>
				<property>
					<name>admintoolhandler-args</name>
					<value><![CDATA[path:/searchindex/fieldconfigurations|params:action=initial&fieldconfiguration=${param.fieldconfiguration}]]></value>
				</property>
				<property>
					<name>admintoolhandler-class</name>
					<value><![CDATA[org.opencms.workplace.tools.searchindex.CmsSearchToolHandler]]></value>
				</property>
				<property type="shared">
					<name>export</name>
					<value><![CDATA[false]]></value>
				</property>
			</properties>
			<relations/>
			<accesscontrol/>
		</file>
		<file>
			<source>system/workplace/admin/searchindex/fieldconfiguration-new.jsp</source>
			<destination>system/workplace/admin/searchindex/fieldconfiguration-new.jsp</destination>
			<type>jsp</type>
			<uuidstructure>73667194-8399-11db-a1a8-09c80f20c0b6</uuidstructure>
			<uuidresource>73667195-8399-11db-a1a8-09c80f20c0b6</uuidresource>
			<datecreated>Mon, 04 Dec 2006 13:15:02 GMT</datecreated>
			<flags>0</flags>
			<properties>
				<property>
					<name>Description</name>
					<value><![CDATA[${key.GUI_GROUPS_FIELDCONFIGURATION_TOOL_NEW_HELP_0}]]></value>
				</property>
				<property>
					<name>NavImage</name>
					<value><![CDATA[tools/searchindex/icons/big/fieldconfiguration-new.png]]></value>
				</property>
				<property>
					<name>NavInfo</name>
					<value><![CDATA[${key.GUI_GROUPS_FIELDCONFIGURATION_TOOL_GROUP_0}]]></value>
				</property>
				<property>
					<name>NavText</name>
					<value><![CDATA[${key.GUI_GROUPS_FIELDCONFIGURATION_TOOL_NEW_0}]]></value>
				</property>
				<property>
					<name>Title</name>
					<value><![CDATA[New field configuration]]></value>
				</property>
				<property>
					<name>admintoolhandler-args</name>
					<value><![CDATA[path:/searchindex/fieldconfigurations/fieldconfiguration-new|params:action=initial]]></value>
				</property>
				<property>
					<name>admintoolhandler-class</name>
					<value><![CDATA[org.opencms.workplace.tools.searchindex.CmsSearchToolHandler]]></value>
				</property>
				<property type="shared">
					<name>export</name>
					<value><![CDATA[false]]></value>
				</property>
			</properties>
			<relations/>
			<accesscontrol/>
		</file>
		<file>
			<source>system/workplace/admin/searchindex/fieldconfiguration-newfield.jsp</source>
			<destination>system/workplace/admin/searchindex/fieldconfiguration-newfield.jsp</destination>
			<type>jsp</type>
			<uuidstructure>669df531-8441-11db-a125-09c80f20c0b6</uuidstructure>
			<uuidresource>669df532-8441-11db-a125-09c80f20c0b6</uuidresource>
			<datecreated>Tue, 05 Dec 2006 09:17:16 GMT</datecreated>
			<flags>0</flags>
			<properties>
				<property>
					<name>Description</name>
					<value><![CDATA[${key.GUI_LIST_FIELDS_NAME_HELP_0}]]></value>
				</property>
				<property>
					<name>NavImage</name>
					<value><![CDATA[tools/searchindex/icons/big/fieldconfiguration-newfield.png]]></value>
				</property>
				<property>
					<name>NavInfo</name>
					<value><![CDATA[${key.GUI_GROUPS_FIELDCONFIGURATION_TOOL_GROUP_0}]]></value>
				</property>
				<property>
					<name>NavPos</name>
					<value><![CDATA[2.0]]></value>
				</property>
				<property>
					<name>NavText</name>
					<value><![CDATA[${key.GUI_LIST_SEARCHINDEX_ACTION_FIELDS_NAME_0}]]></value>
				</property>
				<property>
					<name>Title</name>
					<value><![CDATA[Add new field to fieldconfiguration]]></value>
				</property>
				<property>
					<name>admintoolhandler-args</name>
					<value><![CDATA[params:action=initial&fieldconfiguration=${param.fieldconfiguration}|path:/searchindex/fieldconfigurations/fieldconfiguration/newfield]]></value>
				</property>
				<property>
					<name>admintoolhandler-class</name>
					<value><![CDATA[org.opencms.workplace.tools.searchindex.CmsSearchToolHandler]]></value>
				</property>
				<property type="shared">
					<name>export</name>
					<value><![CDATA[false]]></value>
				</property>
			</properties>
			<relations/>
			<accesscontrol/>
		</file>
		<file>
			<source>system/workplace/admin/searchindex/fieldconfiguration-newmapping.jsp</source>
			<destination>system/workplace/admin/searchindex/fieldconfiguration-newmapping.jsp</destination>
			<type>jsp</type>
			<uuidstructure>a92df128-8536-11db-848c-09c80f20c0b6</uuidstructure>
			<uuidresource>a92df129-8536-11db-848c-09c80f20c0b6</uuidresource>
			<datecreated>Wed, 06 Dec 2006 14:32:55 GMT</datecreated>
			<flags>0</flags>
			<properties>
				<property>
					<name>Description</name>
					<value><![CDATA[${key.GUI_LIST_MAPPING_NAME_HELP_0}]]></value>
				</property>
				<property>
					<name>NavImage</name>
					<value><![CDATA[tools/searchindex/icons/big/fieldconfiguration-newmapping.png]]></value>
				</property>
				<property>
					<name>NavInfo</name>
					<value><![CDATA[${key.GUI_GROUPS_FIELD_TOOL_GROUP_0}]]></value>
				</property>
				<property>
					<name>NavPos</name>
					<value><![CDATA[2.0]]></value>
				</property>
				<property>
					<name>NavText</name>
					<value><![CDATA[${key.GUI_LIST_SEARCHINDEX_ACTION_MAPPINGS_NAME_0}]]></value>
				</property>
				<property>
					<name>Title</name>
					<value><![CDATA[Add new mapping to field]]></value>
				</property>
				<property>
					<name>admintoolhandler-args</name>
					<value><![CDATA[params:action=initial&fieldconfiguration=${param.fieldconfiguration}&field=${param.field}|path:/searchindex/fieldconfigurations/fieldconfiguration/field/newmapping]]></value>
				</property>
				<property>
					<name>admintoolhandler-class</name>
					<value><![CDATA[org.opencms.workplace.tools.searchindex.CmsSearchToolHandler]]></value>
				</property>
				<property type="shared">
					<name>export</name>
					<value><![CDATA[false]]></value>
				</property>
			</properties>
			<relations/>
			<accesscontrol/>
		</file>
		<file>
			<source>system/workplace/admin/searchindex/fieldconfiguration-overview.jsp</source>
			<destination>system/workplace/admin/searchindex/fieldconfiguration-overview.jsp</destination>
			<type>jsp</type>
			<uuidstructure>31b5765b-83b0-11db-b120-09c80f20c0b6</uuidstructure>
			<uuidresource>31b5765c-83b0-11db-b120-09c80f20c0b6</uuidresource>
			<datecreated>Mon, 04 Dec 2006 15:57:50 GMT</datecreated>
			<flags>0</flags>
			<properties>
				<property>
					<name>Description</name>
					<value><![CDATA[${key.GUI_GROUPS_FIELDCONFIGURATION_TOOL_NEW_HELP_0}]]></value>
				</property>
				<property>
					<name>NavImage</name>
					<value><![CDATA[tools/searchindex/icons/big/fieldconfiguration-overview.png]]></value>
				</property>
				<property>
					<name>NavInfo</name>
					<value><![CDATA[${key.GUI_GROUPS_FIELDCONFIGURATION_TOOL_GROUP_0}]]></value>
				</property>
				<property>
					<name>NavText</name>
					<value><![CDATA[${key.GUI_GROUPS_FIELDCONFIGURATION_TOOL_OVERVIEW_0}]]></value>
				</property>
				<property>
					<name>Title</name>
					<value><![CDATA[Overview fieldconfiguration]]></value>
				</property>
				<property>
					<name>admintoolhandler-args</name>
					<value><![CDATA[params:action=initial&fieldconfiguration=${param.fieldconfiguration}|path:/searchindex/fieldconfigurations/fieldconfiguration]]></value>
				</property>
				<property>
					<name>admintoolhandler-class</name>
					<value><![CDATA[org.opencms.workplace.tools.CmsInvisibleToolHandler]]></value>
				</property>
				<property type="shared">
					<name>export</name>
					<value><![CDATA[false]]></value>
				</property>
			</properties>
			<relations/>
			<accesscontrol/>
		</file>
		<file>
			<source>system/workplace/admin/searchindex/fieldconfiguration-overviewfield.jsp</source>
			<destination>system/workplace/admin/searchindex/fieldconfiguration-overviewfield.jsp</destination>
			<type>jsp</type>
			<uuidstructure>f4e328bc-852a-11db-b250-09c80f20c0b6</uuidstructure>
			<uuidresource>f4e328bd-852a-11db-b250-09c80f20c0b6</uuidresource>
			<datecreated>Wed, 06 Dec 2006 13:09:08 GMT</datecreated>
			<flags>0</flags>
			<properties>
				<property>
					<name>Description</name>
					<value><![CDATA[${key.GUI_GROUPS_FIELDCONFIGURATION_TOOL_NEW_HELP_0}]]></value>
				</property>
				<property>
					<name>NavImage</name>
					<value><![CDATA[tools/searchindex/icons/big/fieldconfiguration-overviewfield.png]]></value>
				</property>
				<property>
					<name>NavInfo</name>
					<value><![CDATA[${key.GUI_GROUPS_FIELD_TOOL_GROUP_0}]]></value>
				</property>
				<property>
					<name>NavText</name>
					<value><![CDATA[${key.GUI_GROUPS_FIELD_TOOL_OVERVIEW_0}]]></value>
				</property>
				<property>
					<name>Title</name>
					<value><![CDATA[Overview field]]></value>
				</property>
				<property>
					<name>admintoolhandler-args</name>
					<value><![CDATA[params:action=initial&fieldconfiguration=${param.fieldconfiguration}&field=${param.field}|path:/searchindex/fieldconfigurations/fieldconfiguration/field]]></value>
				</property>
				<property>
					<name>admintoolhandler-class</name>
					<value><![CDATA[org.opencms.workplace.tools.CmsInvisibleToolHandler]]></value>
				</property>
				<property type="shared">
					<name>export</name>
					<value><![CDATA[false]]></value>
				</property>
			</properties>
			<relations/>
			<accesscontrol/>
		</file>
		<file>
			<source>system/workplace/admin/searchindex/index.jsp</source>
			<destination>system/workplace/admin/searchindex/index.jsp</destination>
			<type>jsp</type>
			<uuidstructure>ce801765-11b7-11db-91cd-fdbae480bac9</uuidstructure>
			<uuidresource>77ed82c7-ff54-11d9-a992-0334e4183c08</uuidresource>
			<datecreated>Thu, 28 Jul 2005 10:43:43 GMT</datecreated>
			<flags>0</flags>
			<properties>
				<property>
					<name>NavImage</name>
					<value><![CDATA[tools/searchindex/icons/big/searchindex.png]]></value>
				</property>
				<property>
					<name>NavInfo</name>
					<value><![CDATA[${key.GUI_GROUPS_SEARCHINDEX_TOOL_GROUP_0}]]></value>
				</property>
				<property>
					<name>Title</name>
					<value><![CDATA[Search Index List]]></value>
				</property>
				<property>
					<name>admintoolhandler-class</name>
					<value><![CDATA[org.opencms.workplace.tools.CmsInvisibleToolHandler]]></value>
				</property>
				<property type="shared">
					<name>export</name>
					<value><![CDATA[false]]></value>
				</property>
			</properties>
			<relations/>
			<accesscontrol/>
		</file>
		<file>
			<source>system/workplace/admin/searchindex/indexsource-delete.jsp</source>
			<destination>system/workplace/admin/searchindex/indexsource-delete.jsp</destination>
			<type>jsp</type>
			<uuidstructure>ce84d25c-11b7-11db-91cd-fdbae480bac9</uuidstructure>
			<uuidresource>1a116985-1af1-11da-accb-0334e4183c08</uuidresource>
			<datecreated>Thu, 01 Sep 2005 14:02:58 GMT</datecreated>
			<flags>0</flags>
			<properties>
				<property>
					<name>Description</name>
					<value><![CDATA[${key.GUI_GROUPS_INDEXSOURCE_TOOL_DELETE_HELP_0}]]></value>
				</property>
				<property>
					<name>NavImage</name>
					<value><![CDATA[tools/searchindex/icons/big/indexsource-delete.png]]></value>
				</property>
				<property>
					<name>NavInfo</name>
					<value><![CDATA[${key.GUI_GROUPS_INDEXSOURCE_TOOL_GROUP_0}]]></value>
				</property>
				<property>
					<name>NavPos</name>
					<value><![CDATA[4.0]]></value>
				</property>
				<property>
					<name>NavText</name>
					<value><![CDATA[${key.GUI_LIST_INDEXSOURCE_ACTION_DELETE_NAME_0}]]></value>
				</property>
				<property>
					<name>Title</name>
					<value><![CDATA[Edit indexsource]]></value>
				</property>
				<property>
					<name>admintoolhandler-args</name>
					<value><![CDATA[params:action=initial&indexsource=${param.indexsource}|path:/searchindex/indexsources/indexsource/delete]]></value>
				</property>
				<property>
					<name>admintoolhandler-class</name>
					<value><![CDATA[org.opencms.workplace.tools.searchindex.CmsSearchToolHandler]]></value>
				</property>
				<property type="shared">
					<name>export</name>
					<value><![CDATA[false]]></value>
				</property>
			</properties>
			<relations/>
			<accesscontrol/>
		</file>
		<file>
			<source>system/workplace/admin/searchindex/indexsource-doctypes.jsp</source>
			<destination>system/workplace/admin/searchindex/indexsource-doctypes.jsp</destination>
			<type>jsp</type>
			<uuidstructure>ce8bfe57-11b7-11db-91cd-fdbae480bac9</uuidstructure>
			<uuidresource>36ee08ec-1b94-11da-bb23-0334e4183c08</uuidresource>
			<datecreated>Fri, 02 Sep 2005 09:30:35 GMT</datecreated>
			<flags>0</flags>
			<properties>
				<property>
					<name>Description</name>
					<value><![CDATA[${key.GUI_LIST_DOCUMENTTYPES_NAME_HELP_0}]]></value>
				</property>
				<property>
					<name>NavImage</name>
					<value><![CDATA[tools/searchindex/icons/big/indexsource-doctypes.png]]></value>
				</property>
				<property>
					<name>NavInfo</name>
					<value><![CDATA[${key.GUI_GROUPS_INDEXSOURCE_TOOL_GROUP_0}]]></value>
				</property>
				<property>
					<name>NavPos</name>
					<value><![CDATA[2.0]]></value>
				</property>
				<property>
					<name>NavText</name>
					<value><![CDATA[${key.GUI_LIST_SEARCHINDEX_ACTION_DOCUMENTS_NAME_0}]]></value>
				</property>
				<property>
					<name>Title</name>
					<value><![CDATA[Assign doctypes to indexsource]]></value>
				</property>
				<property>
					<name>admintoolhandler-args</name>
					<value><![CDATA[params:action=initial&indexsource=${param.indexsource}|path:/searchindex/indexsources/indexsource/doctypes]]></value>
				</property>
				<property>
					<name>admintoolhandler-class</name>
					<value><![CDATA[org.opencms.workplace.tools.searchindex.CmsSearchToolHandler]]></value>
				</property>
				<property type="shared">
					<name>export</name>
					<value><![CDATA[false]]></value>
				</property>
			</properties>
			<relations/>
			<accesscontrol/>
		</file>
		<file>
			<source>system/workplace/admin/searchindex/indexsource-edit.jsp</source>
			<destination>system/workplace/admin/searchindex/indexsource-edit.jsp</destination>
			<type>jsp</type>
			<uuidstructure>ce932a52-11b7-11db-91cd-fdbae480bac9</uuidstructure>
			<uuidresource>9d53a364-1ac3-11da-9610-0334e4183c08</uuidresource>
			<datecreated>Thu, 01 Sep 2005 08:37:22 GMT</datecreated>
			<flags>0</flags>
			<properties>
				<property>
					<name>Description</name>
					<value><![CDATA[${key.GUI_GROUPS_INDEXSOURCE_TOOL_EDIT_HELP_0}]]></value>
				</property>
				<property>
					<name>NavImage</name>
					<value><![CDATA[tools/searchindex/icons/big/indexsource-edit.png]]></value>
				</property>
				<property>
					<name>NavInfo</name>
					<value><![CDATA[${key.GUI_GROUPS_INDEXSOURCE_TOOL_GROUP_0}]]></value>
				</property>
				<property>
					<name>NavPos</name>
					<value><![CDATA[1.0]]></value>
				</property>
				<property>
					<name>NavText</name>
					<value><![CDATA[${key.GUI_GROUPS_INDEXSOURCE_TOOL_EDIT_0}]]></value>
				</property>
				<property>
					<name>Title</name>
					<value><![CDATA[Edit indexsource]]></value>
				</property>
				<property>
					<name>admintoolhandler-args</name>
					<value><![CDATA[params:indexsource=${param.indexsource}|path:/searchindex/indexsources/indexsource/edit]]></value>
				</property>
				<property>
					<name>admintoolhandler-class</name>
					<value><![CDATA[org.opencms.workplace.tools.searchindex.CmsSearchToolHandler]]></value>
				</property>
				<property type="shared">
					<name>export</name>
					<value><![CDATA[false]]></value>
				</property>
			</properties>
			<relations/>
			<accesscontrol/>
		</file>
		<file>
			<source>system/workplace/admin/searchindex/indexsource-index.jsp</source>
			<destination>system/workplace/admin/searchindex/indexsource-index.jsp</destination>
			<type>jsp</type>
			<uuidstructure>ce9ca03d-11b7-11db-91cd-fdbae480bac9</uuidstructure>
			<uuidresource>3a21c71b-1a32-11da-be9c-0334e4183c08</uuidresource>
			<datecreated>Wed, 31 Aug 2005 15:16:38 GMT</datecreated>
			<flags>0</flags>
			<properties>
				<property>
					<name>Description</name>
					<value><![CDATA[${key.GUI_GROUPS_INDEXSOURCE_TOOL_INDEX_HELP_0}]]></value>
				</property>
				<property>
					<name>NavImage</name>
					<value><![CDATA[tools/searchindex/icons/big/indexsource.png]]></value>
				</property>
				<property>
					<name>NavInfo</name>
					<value><![CDATA[${key.GUI_GROUPS_SEARCHINDEX_TOOL_GROUP_0}]]></value>
				</property>
				<property>
					<name>NavPos</name>
					<value><![CDATA[10.0]]></value>
				</property>
				<property>
					<name>NavText</name>
					<value><![CDATA[${key.GUI_GROUPS_INDEXSOURCE_TOOL_INDEX_0}]]></value>
				</property>
				<property>
					<name>Title</name>
					<value><![CDATA[A list of all indexsources of the OpenCms installation]]></value>
				</property>
				<property>
					<name>admintoolhandler-args</name>
					<value><![CDATA[path:/searchindex/indexsources|params:action=initial&indexsource=${param.indexsource}]]></value>
				</property>
				<property>
					<name>admintoolhandler-class</name>
					<value><![CDATA[org.opencms.workplace.tools.searchindex.CmsSearchToolHandler]]></value>
				</property>
				<property type="shared">
					<name>export</name>
					<value><![CDATA[false]]></value>
				</property>
			</properties>
			<relations/>
			<accesscontrol/>
		</file>
		<file>
			<source>system/workplace/admin/searchindex/indexsource-new.jsp</source>
			<destination>system/workplace/admin/searchindex/indexsource-new.jsp</destination>
			<type>jsp</type>
			<uuidstructure>ce9f1147-11b7-11db-91cd-fdbae480bac9</uuidstructure>
			<uuidresource>9fbf70d5-1a20-11da-904f-0334e4183c08</uuidresource>
			<datecreated>Wed, 31 Aug 2005 13:10:38 GMT</datecreated>
			<flags>0</flags>
			<properties>
				<property>
					<name>Description</name>
					<value><![CDATA[${key.GUI_GROUPS_INDEXSOURCE_TOOL_NEW_HELP_0}]]></value>
				</property>
				<property>
					<name>NavImage</name>
					<value><![CDATA[tools/searchindex/icons/big/indexsource-new.png]]></value>
				</property>
				<property>
					<name>NavInfo</name>
					<value><![CDATA[${key.GUI_GROUPS_INDEXSOURCE_TOOL_GROUP_0}]]></value>
				</property>
				<property>
					<name>NavText</name>
					<value><![CDATA[${key.GUI_GROUPS_INDEXSOURCE_TOOL_NEW_0}]]></value>
				</property>
				<property>
					<name>Title</name>
					<value><![CDATA[New indexsource]]></value>
				</property>
				<property>
					<name>admintoolhandler-args</name>
					<value><![CDATA[path:/searchindex/indexsources/indexsource-new|params:action=initial]]></value>
				</property>
				<property>
					<name>admintoolhandler-class</name>
					<value><![CDATA[org.opencms.workplace.tools.searchindex.CmsSearchToolHandler]]></value>
				</property>
				<property type="shared">
					<name>export</name>
					<value><![CDATA[false]]></value>
				</property>
			</properties>
			<relations/>
			<accesscontrol/>
		</file>
		<file>
			<source>system/workplace/admin/searchindex/indexsource-overview.jsp</source>
			<destination>system/workplace/admin/searchindex/indexsource-overview.jsp</destination>
			<type>jsp</type>
			<uuidstructure>cea15b41-11b7-11db-91cd-fdbae480bac9</uuidstructure>
			<uuidresource>f23558cf-1ac6-11da-af77-0334e4183c08</uuidresource>
			<datecreated>Thu, 01 Sep 2005 09:01:13 GMT</datecreated>
			<flags>0</flags>
			<properties>
				<property>
					<name>Description</name>
					<value><![CDATA[${key.GUI_GROUPS_INDEXSOURCE_TOOL_NEW_HELP_0}]]></value>
				</property>
				<property>
					<name>NavImage</name>
					<value><![CDATA[tools/searchindex/icons/big/indexsource.png]]></value>
				</property>
				<property>
					<name>NavInfo</name>
					<value><![CDATA[${key.GUI_GROUPS_INDEXSOURCE_TOOL_GROUP_0}]]></value>
				</property>
				<property>
					<name>NavText</name>
					<value><![CDATA[${key.GUI_GROUPS_INDEXSOURCE_TOOL_OVERVIEW_0}]]></value>
				</property>
				<property>
					<name>Title</name>
					<value><![CDATA[Overview indexsource]]></value>
				</property>
				<property>
					<name>admintoolhandler-args</name>
					<value><![CDATA[params:action=initial&indexsource=${param.indexsource}|path:/searchindex/indexsources/indexsource]]></value>
				</property>
				<property>
					<name>admintoolhandler-class</name>
					<value><![CDATA[org.opencms.workplace.tools.CmsInvisibleToolHandler]]></value>
				</property>
				<property type="shared">
					<name>export</name>
					<value><![CDATA[false]]></value>
				</property>
			</properties>
			<relations/>
			<accesscontrol/>
		</file>
		<file>
			<source>system/workplace/admin/searchindex/indexsource-resources.jsp</source>
			<destination>system/workplace/admin/searchindex/indexsource-resources.jsp</destination>
			<type>jsp</type>
			<uuidstructure>cea63d4b-11b7-11db-91cd-fdbae480bac9</uuidstructure>
			<uuidresource>173f580b-1b03-11da-aa26-0334e4183c08</uuidresource>
			<datecreated>Thu, 01 Sep 2005 16:11:44 GMT</datecreated>
			<flags>0</flags>
			<properties>
				<property>
					<name>Description</name>
					<value><![CDATA[${key.GUI_GROUPS_INDEXSOURCE_TOOL_RESOURCES_HELP_0}]]></value>
				</property>
				<property>
					<name>NavImage</name>
					<value><![CDATA[tools/searchindex/icons/big/indexsource-resources.png]]></value>
				</property>
				<property>
					<name>NavInfo</name>
					<value><![CDATA[${key.GUI_GROUPS_INDEXSOURCE_TOOL_GROUP_0}]]></value>
				</property>
				<property>
					<name>NavPos</name>
					<value><![CDATA[3.0]]></value>
				</property>
				<property>
					<name>NavText</name>
					<value><![CDATA[${key.GUI_LIST_INDEXSOURCE_ACTION_RESOURCES_NAME_0}]]></value>
				</property>
				<property>
					<name>Title</name>
					<value><![CDATA[Assign ressources to indexsource]]></value>
				</property>
				<property>
					<name>admintoolhandler-args</name>
					<value><![CDATA[params:action=initial&indexsource=${param.indexsource}|path:/searchindex/indexsources/indexsource/resources]]></value>
				</property>
				<property>
					<name>admintoolhandler-class</name>
					<value><![CDATA[org.opencms.workplace.tools.searchindex.CmsSearchToolHandler]]></value>
				</property>
				<property type="shared">
					<name>export</name>
					<value><![CDATA[false]]></value>
				</property>
			</properties>
			<relations/>
			<accesscontrol/>
		</file>
		<file>
			<source>system/workplace/admin/searchindex/searchindex-new.jsp</source>
			<destination>system/workplace/admin/searchindex/searchindex-new.jsp</destination>
			<type>jsp</type>
			<uuidstructure>cea88746-11b7-11db-91cd-fdbae480bac9</uuidstructure>
			<uuidresource>c916ee62-0324-11da-a31c-0334e4183c08</uuidresource>
			<datecreated>Tue, 02 Aug 2005 07:12:28 GMT</datecreated>
			<flags>0</flags>
			<properties>
				<property>
					<name>Description</name>
					<value><![CDATA[${key.GUI_GROUPS_SEARCHINDEX_TOOL_NEW_HELP_0}]]></value>
				</property>
				<property>
					<name>NavImage</name>
					<value><![CDATA[tools/searchindex/icons/big/searchindex-new.png]]></value>
				</property>
				<property>
					<name>NavInfo</name>
					<value><![CDATA[${key.GUI_GROUPS_SEARCHINDEX_TOOL_GROUP_0}]]></value>
				</property>
				<property>
					<name>NavPos</name>
					<value><![CDATA[5.0]]></value>
				</property>
				<property>
					<name>NavText</name>
					<value><![CDATA[${key.GUI_GROUPS_SEARCHINDEX_TOOL_NEW_0}]]></value>
				</property>
				<property>
					<name>Title</name>
					<value><![CDATA[New search index]]></value>
				</property>
				<property>
					<name>admintoolhandler-args</name>
					<value><![CDATA[params:action=initial|path:/searchindex/searchindex-new]]></value>
				</property>
				<property>
					<name>admintoolhandler-class</name>
					<value><![CDATA[org.opencms.workplace.tools.searchindex.CmsSearchToolHandler]]></value>
				</property>
			</properties>
			<relations/>
			<accesscontrol/>
		</file>
		<file>
			<source>system/workplace/admin/searchindex/searchindex_delete.jsp</source>
			<destination>system/workplace/admin/searchindex/searchindex_delete.jsp</destination>
			<type>jsp</type>
			<uuidstructure>ceaaf84f-11b7-11db-91cd-fdbae480bac9</uuidstructure>
			<uuidresource>a569a01a-04b7-11da-a42b-0334e4183c08</uuidresource>
			<datecreated>Thu, 04 Aug 2005 07:16:16 GMT</datecreated>
			<flags>0</flags>
			<properties>
				<property>
					<name>Description</name>
					<value><![CDATA[${key.GUI_GROUPS_SEARCHINDEX_TOOL_DELETE_HELP_0}]]></value>
				</property>
				<property>
					<name>NavImage</name>
					<value><![CDATA[tools/searchindex/icons/big/searchindex-delete.png]]></value>
				</property>
				<property>
					<name>NavInfo</name>
					<value><![CDATA[${key.GUI_GROUPS_SEARCHINDEX_TOOL_EDIT_GROUP_0}]]></value>
				</property>
				<property>
					<name>NavPos</name>
					<value><![CDATA[5.0]]></value>
				</property>
				<property>
					<name>NavText</name>
					<value><![CDATA[${key.GUI_GROUPS_SEARCHINDEX_TOOL_DELETE_0}]]></value>
				</property>
				<property>
					<name>Title</name>
					<value><![CDATA[Delete search index]]></value>
				</property>
				<property>
					<name>admintoolhandler-args</name>
					<value><![CDATA[path:/searchindex/singleindex/delete|params:action=initial&indexname=${param.indexname}]]></value>
				</property>
				<property>
					<name>admintoolhandler-class</name>
					<value><![CDATA[org.opencms.workplace.tools.searchindex.CmsSearchToolHandler]]></value>
				</property>
			</properties>
			<relations/>
			<accesscontrol/>
		</file>
		<file>
			<source>system/workplace/admin/searchindex/searchindex_edit.jsp</source>
			<destination>system/workplace/admin/searchindex/searchindex_edit.jsp</destination>
			<type>jsp</type>
			<uuidstructure>ceafb349-11b7-11db-91cd-fdbae480bac9</uuidstructure>
			<uuidresource>3e49a7ec-035c-11da-92d5-0334e4183c08</uuidresource>
			<datecreated>Tue, 02 Aug 2005 13:49:27 GMT</datecreated>
			<flags>0</flags>
			<properties>
				<property>
					<name>Description</name>
					<value><![CDATA[${key.GUI_GROUPS_SEARCHINDEX_TOOL_EDIT_HELP_0}]]></value>
				</property>
				<property>
					<name>NavImage</name>
					<value><![CDATA[tools/searchindex/icons/big/searchindex-edit.png]]></value>
				</property>
				<property>
					<name>NavInfo</name>
					<value><![CDATA[${key.GUI_GROUPS_SEARCHINDEX_TOOL_EDIT_GROUP_0}]]></value>
				</property>
				<property>
					<name>NavPos</name>
					<value><![CDATA[1.0]]></value>
				</property>
				<property>
					<name>NavText</name>
					<value><![CDATA[${key.GUI_GROUPS_SEARCHINDEX_TOOL_EDIT_0}]]></value>
				</property>
				<property>
					<name>Title</name>
					<value><![CDATA[New search index]]></value>
				</property>
				<property>
					<name>admintoolhandler-args</name>
					<value><![CDATA[params:indexname=${param.indexname}|path:/searchindex/singleindex/edit]]></value>
				</property>
				<property>
					<name>admintoolhandler-class</name>
					<value><![CDATA[org.opencms.workplace.tools.searchindex.CmsSearchToolHandler]]></value>
				</property>
			</properties>
			<relations/>
			<accesscontrol/>
		</file>
		<file>
			<source>system/workplace/admin/searchindex/searchindex_overview.jsp</source>
			<destination>system/workplace/admin/searchindex/searchindex_overview.jsp</destination>
			<type>jsp</type>
			<uuidstructure>ceb22453-11b7-11db-91cd-fdbae480bac9</uuidstructure>
			<uuidresource>d1d08a5e-04ce-11da-bcc5-0334e4183c08</uuidresource>
			<datecreated>Thu, 04 Aug 2005 10:02:09 GMT</datecreated>
			<flags>0</flags>
			<properties>
				<property>
					<name>Description</name>
					<value><![CDATA[${key.GUI_GROUPS_SEARCHINDEX_TOOL_OVERVIEW_HELP_0}]]></value>
				</property>
				<property>
					<name>NavImage</name>
					<value><![CDATA[tools/searchindex/icons/big/searchindex.png]]></value>
				</property>
				<property>
					<name>NavInfo</name>
					<value><![CDATA[${key.GUI_GROUPS_SEARCHINDEX_TOOL_EDIT_GROUP_0}]]></value>
				</property>
				<property>
					<name>NavPos</name>
					<value><![CDATA[1.0]]></value>
				</property>
				<property>
					<name>NavText</name>
					<value><![CDATA[${key.GUI_GROUPS_SEARCHINDEX_TOOL_OVERVIEW_0}]]></value>
				</property>
				<property>
					<name>Title</name>
					<value><![CDATA[Overview search index]]></value>
				</property>
				<property>
					<name>admintoolhandler-args</name>
					<value><![CDATA[params:action=initial&indexname=${param.indexname}|path:/searchindex/singleindex]]></value>
				</property>
				<property>
					<name>admintoolhandler-class</name>
					<value><![CDATA[org.opencms.workplace.tools.CmsInvisibleToolHandler]]></value>
				</property>
			</properties>
			<relations/>
			<accesscontrol/>
		</file>
		<file>
			<source>system/workplace/admin/searchindex/searchindex_rebuild.jsp</source>
			<destination>system/workplace/admin/searchindex/searchindex_rebuild.jsp</destination>
			<type>jsp</type>
			<uuidstructure>ceb6df4d-11b7-11db-91cd-fdbae480bac9</uuidstructure>
			<uuidresource>869783e9-2114-11da-886a-0334e4183c08</uuidresource>
			<datecreated>Fri, 09 Sep 2005 09:31:40 GMT</datecreated>
			<flags>0</flags>
			<properties>
				<property>
					<name>Description</name>
					<value><![CDATA[${key.GUI_GROUPS_SEARCHINDEX_TOOL_REBUILD_HELP_0}]]></value>
				</property>
				<property>
					<name>NavImage</name>
					<value><![CDATA[tools/searchindex/icons/big/searchindex-rebuild.png]]></value>
				</property>
				<property>
					<name>NavInfo</name>
					<value><![CDATA[${key.GUI_GROUPS_SEARCHINDEX_TOOL_EDIT_GROUP_0}]]></value>
				</property>
				<property>
					<name>NavPos</name>
					<value><![CDATA[3.0]]></value>
				</property>
				<property>
					<name>NavText</name>
					<value><![CDATA[${key.GUI_GROUPS_SEARCHINDEX_TOOL_REBUILD_0}]]></value>
				</property>
				<property>
					<name>Title</name>
					<value><![CDATA[Rebuild search indexes]]></value>
				</property>
				<property>
					<name>admintoolhandler-args</name>
					<value><![CDATA[path:/searchindex/singleindex/rebuild|params:action=initial&indexname=${param.indexname}]]></value>
				</property>
				<property>
					<name>admintoolhandler-class</name>
					<value><![CDATA[org.opencms.workplace.tools.searchindex.CmsSearchToolHandler]]></value>
				</property>
			</properties>
			<relations/>
			<accesscontrol/>
		</file>
		<file>
			<source>system/workplace/admin/searchindex/searchindex_rebuild_report.jsp</source>
			<destination>system/workplace/admin/searchindex/searchindex_rebuild_report.jsp</destination>
			<type>jsp</type>
			<uuidstructure>ceb95057-11b7-11db-91cd-fdbae480bac9</uuidstructure>
			<uuidresource>20498eb1-0366-11da-9cfa-0334e4183c08</uuidresource>
			<datecreated>Tue, 02 Aug 2005 15:00:12 GMT</datecreated>
			<flags>0</flags>
			<properties>
				<property>
					<name>Description</name>
					<value><![CDATA[${key.GUI_GROUPS_SEARCHINDEX_TOOL_REBUILD_HELP_0}]]></value>
				</property>
				<property>
					<name>NavText</name>
					<value><![CDATA[${key.GUI_GROUPS_SEARCHINDEX_TOOL_REBUILD_REPORT_0}]]></value>
				</property>
				<property>
					<name>Title</name>
					<value><![CDATA[Rebuild search indexes report]]></value>
				</property>
				<property>
					<name>admintoolhandler-args</name>
					<value><![CDATA[path:/searchindex/singleindex/rebuildreport|params:action=initial&indexes=${param.indexname}]]></value>
				</property>
				<property>
					<name>admintoolhandler-class</name>
					<value><![CDATA[org.opencms.workplace.tools.CmsInvisibleToolHandler]]></value>
				</property>
			</properties>
			<relations/>
			<accesscontrol/>
		</file>
		<file>
			<source>system/workplace/admin/searchindex/searchindex_search.jsp</source>
			<destination>system/workplace/admin/searchindex/searchindex_search.jsp</destination>
			<type>jsp</type>
			<uuidstructure>cebb9a4e-11b7-11db-91cd-fdbae480bac9</uuidstructure>
			<uuidresource>c2ae5904-07e2-11da-9a85-0334e4183c08</uuidresource>
			<datecreated>Mon, 08 Aug 2005 08:02:27 GMT</datecreated>
			<flags>0</flags>
			<properties>
				<property>
					<name>Description</name>
					<value><![CDATA[${key.GUI_GROUPS_SEARCHINDEX_TOOL_SEARCH_HELP_0}]]></value>
				</property>
				<property>
					<name>NavImage</name>
					<value><![CDATA[tools/searchindex/icons/big/searchindex-search.png]]></value>
				</property>
				<property>
					<name>NavInfo</name>
					<value><![CDATA[${key.GUI_GROUPS_SEARCHINDEX_TOOL_EDIT_GROUP_0}]]></value>
				</property>
				<property>
					<name>NavPos</name>
					<value><![CDATA[2.0]]></value>
				</property>
				<property>
					<name>NavText</name>
					<value><![CDATA[${key.GUI_GROUPS_SEARCHINDEX_TOOL_SEARCH_0}]]></value>
				</property>
				<property>
					<name>Title</name>
					<value><![CDATA[New search index]]></value>
				</property>
				<property>
					<name>admintoolhandler-args</name>
					<value><![CDATA[params:action=initial&indexname=${param.indexname}|path:/searchindex/singleindex/search]]></value>
				</property>
				<property>
					<name>admintoolhandler-class</name>
					<value><![CDATA[org.opencms.workplace.tools.searchindex.CmsSearchToolHandler]]></value>
				</property>
				<property>
					<name>content-encoding</name>
					<value><![CDATA[utf-8]]></value>
				</property>
			</properties>
			<relations/>
			<accesscontrol/>
		</file>
		<file>
			<source>system/workplace/admin/searchindex/searchindex_sources.jsp</source>
			<destination>system/workplace/admin/searchindex/searchindex_sources.jsp</destination>
			<type>jsp</type>
			<uuidstructure>cec05549-11b7-11db-91cd-fdbae480bac9</uuidstructure>
			<uuidresource>30bcaa94-1872-11da-9aff-0334e4183c08</uuidresource>
			<datecreated>Mon, 29 Aug 2005 09:49:28 GMT</datecreated>
			<flags>0</flags>
			<properties>
				<property>
					<name>Description</name>
					<value><![CDATA[${key.GUI_LIST_SEARCHINDEX_COL_INDEXSOURCES_NAME_HELP_0}]]></value>
				</property>
				<property>
					<name>NavImage</name>
					<value><![CDATA[tools/searchindex/icons/big/indexsource.png]]></value>
				</property>
				<property>
					<name>NavInfo</name>
					<value><![CDATA[${key.GUI_GROUPS_SEARCHINDEX_TOOL_EDIT_GROUP_0}]]></value>
				</property>
				<property>
					<name>NavPos</name>
					<value><![CDATA[4.0]]></value>
				</property>
				<property>
					<name>NavText</name>
					<value><![CDATA[${key.GUI_GROUPS_SEARCHINDEX_TOOL_INDEXSOURCES_0}]]></value>
				</property>
				<property>
					<name>Title</name>
					<value><![CDATA[Assign index sources]]></value>
				</property>
				<property>
					<name>admintoolhandler-args</name>
					<value><![CDATA[params:action=initial&indexname=${param.indexname}|path:/searchindex/singleindex/indexsources]]></value>
				</property>
				<property>
					<name>admintoolhandler-class</name>
					<value><![CDATA[org.opencms.workplace.tools.searchindex.CmsSearchToolHandler]]></value>
				</property>
			</properties>
			<relations/>
			<accesscontrol/>
		</file>
		<file>
			<destination>system/workplace/admin/searchindex/sourcesearch</destination>
			<type>folder</type>
			<properties/>
		</file>
		<file>
			<source>system/workplace/admin/searchindex/sourcesearch/fileslist.jsp</source>
			<destination>system/workplace/admin/searchindex/sourcesearch/fileslist.jsp</destination>
			<type>jsp</type>
			<uuidstructure>12ce5717-b11b-11df-904d-00144f45afea</uuidstructure>
			<uuidresource>12ce5718-b11b-11df-904d-00144f45afea</uuidresource>
			<datecreated>Thu, 26 Aug 2010 14:06:08 GMT</datecreated>
			<flags>0</flags>
			<properties>
				<property>
					<name>NavText</name>
					<value><![CDATA[${key.GUI_SOURCESEARCH_FILES_LIST_OVERHEAD_0}]]></value>
				</property>
				<property>
					<name>admintoolhandler-args</name>
					<value><![CDATA[path:/searchindex/sourcesearch/fileslist]]></value>
				</property>
				<property>
					<name>admintoolhandler-class</name>
					<value><![CDATA[org.opencms.workplace.tools.CmsInvisibleToolHandler]]></value>
				</property>
				<property type="shared">
					<name>export</name>
					<value><![CDATA[false]]></value>
				</property>
			</properties>
			<relations/>
			<accesscontrol/>
		</file>
		<file>
			<source>system/workplace/admin/searchindex/sourcesearch/index.jsp</source>
			<destination>system/workplace/admin/searchindex/sourcesearch/index.jsp</destination>
			<type>jsp</type>
			<uuidstructure>47c8e589-ac55-11df-bb3e-00144f45afea</uuidstructure>
			<uuidresource>47c8e58a-ac55-11df-bb3e-00144f45afea</uuidresource>
			<datecreated>Fri, 20 Aug 2010 12:20:12 GMT</datecreated>
			<flags>0</flags>
			<properties>
				<property type="shared">
					<name>export</name>
					<value><![CDATA[false]]></value>
				</property>
			</properties>
			<relations/>
			<accesscontrol/>
		</file>
		<file>
			<source>system/workplace/admin/searchindex/sourcesearch/sourcesearch.jsp</source>
			<destination>system/workplace/admin/searchindex/sourcesearch/sourcesearch.jsp</destination>
			<type>jsp</type>
			<uuidstructure>15233381-ae96-11df-85f4-00144f45afea</uuidstructure>
			<uuidresource>15233382-ae96-11df-85f4-00144f45afea</uuidresource>
			<datecreated>Mon, 23 Aug 2010 09:09:06 GMT</datecreated>
			<flags>0</flags>
			<properties>
				<property type="shared">
					<name>export</name>
					<value><![CDATA[false]]></value>
				</property>
			</properties>
			<relations/>
			<accesscontrol/>
		</file>
		<file>
			<destination>system/workplace/resources</destination>
			<type>folder</type>
			<properties/>
		</file>
		<file>
			<destination>system/workplace/resources/tools</destination>
			<type>folder</type>
			<properties/>
		</file>
		<file>
			<destination>system/workplace/resources/tools/searchindex</destination>
			<type>folder</type>
			<properties/>
		</file>
		<file>
			<destination>system/workplace/resources/tools/searchindex/icons</destination>
			<type>folder</type>
			<properties/>
		</file>
		<file>
			<destination>system/workplace/resources/tools/searchindex/icons/big</destination>
			<type>folder</type>
			<properties/>
		</file>
		<file>
			<source>system/workplace/resources/tools/searchindex/icons/big/fieldconfiguration-delete.png</source>
			<destination>system/workplace/resources/tools/searchindex/icons/big/fieldconfiguration-delete.png</destination>
			<type>image</type>
			<uuidstructure>945f802f-8b51-11db-bd14-7102f397f5de</uuidstructure>
			<uuidresource>945f8030-8b51-11db-bd14-7102f397f5de</uuidresource>
			<datecreated>Thu, 14 Dec 2006 09:00:43 GMT</datecreated>
			<flags>0</flags>
			<properties>
				<property type="shared">
					<name>image.size</name>
					<value><![CDATA[w:32,h:32]]></value>
				</property>
			</properties>
			<relations/>
			<accesscontrol/>
		</file>
		<file>
			<source>system/workplace/resources/tools/searchindex/icons/big/fieldconfiguration-edit.png</source>
			<destination>system/workplace/resources/tools/searchindex/icons/big/fieldconfiguration-edit.png</destination>
			<type>image</type>
			<uuidstructure>476b87dc-8b52-11db-bd14-7102f397f5de</uuidstructure>
			<uuidresource>476b87dd-8b52-11db-bd14-7102f397f5de</uuidresource>
			<datecreated>Thu, 14 Dec 2006 09:05:43 GMT</datecreated>
			<flags>0</flags>
			<properties>
				<property type="shared">
					<name>image.size</name>
					<value><![CDATA[w:32,h:32]]></value>
				</property>
			</properties>
			<relations/>
			<accesscontrol/>
		</file>
		<file>
			<source>system/workplace/resources/tools/searchindex/icons/big/fieldconfiguration-editfield.png</source>
			<destination>system/workplace/resources/tools/searchindex/icons/big/fieldconfiguration-editfield.png</destination>
			<type>image</type>
			<uuidstructure>5cec98c1-8b52-11db-bd14-7102f397f5de</uuidstructure>
			<uuidresource>5cec98c2-8b52-11db-bd14-7102f397f5de</uuidresource>
			<datecreated>Thu, 14 Dec 2006 09:06:20 GMT</datecreated>
			<flags>0</flags>
			<properties>
				<property type="shared">
					<name>image.size</name>
					<value><![CDATA[w:32,h:32]]></value>
				</property>
			</properties>
			<relations/>
			<accesscontrol/>
		</file>
		<file>
			<source>system/workplace/resources/tools/searchindex/icons/big/fieldconfiguration-new.png</source>
			<destination>system/workplace/resources/tools/searchindex/icons/big/fieldconfiguration-new.png</destination>
			<type>image</type>
			<uuidstructure>945d363a-8b51-11db-bd14-7102f397f5de</uuidstructure>
			<uuidresource>945d363b-8b51-11db-bd14-7102f397f5de</uuidresource>
			<datecreated>Thu, 14 Dec 2006 09:00:43 GMT</datecreated>
			<flags>0</flags>
			<properties>
				<property type="shared">
					<name>image.size</name>
					<value><![CDATA[w:32,h:32]]></value>
				</property>
			</properties>
			<relations/>
			<accesscontrol/>
		</file>
		<file>
			<source>system/workplace/resources/tools/searchindex/icons/big/fieldconfiguration-newfield.png</source>
			<destination>system/workplace/resources/tools/searchindex/icons/big/fieldconfiguration-newfield.png</destination>
			<type>image</type>
			<uuidstructure>9437107c-8b51-11db-bd14-7102f397f5de</uuidstructure>
			<uuidresource>9437107d-8b51-11db-bd14-7102f397f5de</uuidresource>
			<datecreated>Thu, 14 Dec 2006 09:00:43 GMT</datecreated>
			<flags>0</flags>
			<properties>
				<property type="shared">
					<name>image.size</name>
					<value><![CDATA[w:32,h:32]]></value>
				</property>
			</properties>
			<relations/>
			<accesscontrol/>
		</file>
		<file>
			<source>system/workplace/resources/tools/searchindex/icons/big/fieldconfiguration-newmapping.png</source>
			<destination>system/workplace/resources/tools/searchindex/icons/big/fieldconfiguration-newmapping.png</destination>
			<type>image</type>
			<uuidstructure>944a235b-8b51-11db-bd14-7102f397f5de</uuidstructure>
			<uuidresource>944a235c-8b51-11db-bd14-7102f397f5de</uuidresource>
			<datecreated>Thu, 14 Dec 2006 09:00:43 GMT</datecreated>
			<flags>0</flags>
			<properties>
				<property type="shared">
					<name>image.size</name>
					<value><![CDATA[w:32,h:32]]></value>
				</property>
			</properties>
			<relations/>
			<accesscontrol/>
		</file>
		<file>
			<source>system/workplace/resources/tools/searchindex/icons/big/fieldconfiguration-overview.png</source>
			<destination>system/workplace/resources/tools/searchindex/icons/big/fieldconfiguration-overview.png</destination>
			<type>image</type>
			<uuidstructure>90f9cac6-8b52-11db-bd14-7102f397f5de</uuidstructure>
			<uuidresource>90f9cac7-8b52-11db-bd14-7102f397f5de</uuidresource>
			<datecreated>Thu, 14 Dec 2006 09:07:47 GMT</datecreated>
			<flags>0</flags>
			<properties>
				<property type="shared">
					<name>image.size</name>
					<value><![CDATA[w:32,h:32]]></value>
				</property>
			</properties>
			<relations/>
			<accesscontrol/>
		</file>
		<file>
			<source>system/workplace/resources/tools/searchindex/icons/big/fieldconfiguration-overviewfield.png</source>
			<destination>system/workplace/resources/tools/searchindex/icons/big/fieldconfiguration-overviewfield.png</destination>
			<type>image</type>
			<uuidstructure>9415a5c7-8b51-11db-bd14-7102f397f5de</uuidstructure>
			<uuidresource>9415a5c8-8b51-11db-bd14-7102f397f5de</uuidresource>
			<datecreated>Thu, 14 Dec 2006 09:00:43 GMT</datecreated>
			<flags>0</flags>
			<properties>
				<property type="shared">
					<name>image.size</name>
					<value><![CDATA[w:32,h:32]]></value>
				</property>
			</properties>
			<relations/>
			<accesscontrol/>
		</file>
		<file>
			<source>system/workplace/resources/tools/searchindex/icons/big/fieldconfiguration.png</source>
			<destination>system/workplace/resources/tools/searchindex/icons/big/fieldconfiguration.png</destination>
			<type>image</type>
			<uuidstructure>94560a45-8b51-11db-bd14-7102f397f5de</uuidstructure>
			<uuidresource>94560a46-8b51-11db-bd14-7102f397f5de</uuidresource>
			<datecreated>Thu, 14 Dec 2006 09:00:43 GMT</datecreated>
			<flags>0</flags>
			<properties>
				<property type="shared">
					<name>image.size</name>
					<value><![CDATA[w:32,h:32]]></value>
				</property>
			</properties>
			<relations/>
			<accesscontrol/>
		</file>
		<file>
			<source>system/workplace/resources/tools/searchindex/icons/big/indexsource-delete.png</source>
			<destination>system/workplace/resources/tools/searchindex/icons/big/indexsource-delete.png</destination>
			<type>image</type>
			<uuidstructure>cf69b4bb-11b7-11db-91cd-fdbae480bac9</uuidstructure>
			<uuidresource>f96cce6d-1de3-11da-8b1d-0334e4183c08</uuidresource>
			<datecreated>Mon, 05 Sep 2005 08:06:34 GMT</datecreated>
			<flags>0</flags>
			<properties>
				<property type="shared">
					<name>image.size</name>
					<value><![CDATA[w:32,h:32]]></value>
				</property>
			</properties>
			<relations/>
			<accesscontrol/>
		</file>
		<file>
			<source>system/workplace/resources/tools/searchindex/icons/big/indexsource-doctypes.png</source>
			<destination>system/workplace/resources/tools/searchindex/icons/big/indexsource-doctypes.png</destination>
			<type>image</type>
			<uuidstructure>cf6e6fb0-11b7-11db-91cd-fdbae480bac9</uuidstructure>
			<uuidresource>1601da82-1de4-11da-8b1d-0334e4183c08</uuidresource>
			<datecreated>Mon, 05 Sep 2005 08:07:21 GMT</datecreated>
			<flags>0</flags>
			<properties>
				<property type="shared">
					<name>image.size</name>
					<value><![CDATA[w:32,h:32]]></value>
				</property>
			</properties>
			<relations/>
			<accesscontrol/>
		</file>
		<file>
			<source>system/workplace/resources/tools/searchindex/icons/big/indexsource-edit.png</source>
			<destination>system/workplace/resources/tools/searchindex/icons/big/indexsource-edit.png</destination>
			<type>image</type>
			<uuidstructure>cf759ba5-11b7-11db-91cd-fdbae480bac9</uuidstructure>
			<uuidresource>22d27e47-1de4-11da-8b1d-0334e4183c08</uuidresource>
			<datecreated>Mon, 05 Sep 2005 08:07:43 GMT</datecreated>
			<flags>0</flags>
			<properties>
				<property type="shared">
					<name>image.size</name>
					<value><![CDATA[w:32,h:32]]></value>
				</property>
			</properties>
			<relations/>
			<accesscontrol/>
		</file>
		<file>
			<source>system/workplace/resources/tools/searchindex/icons/big/indexsource-new.png</source>
			<destination>system/workplace/resources/tools/searchindex/icons/big/indexsource-new.png</destination>
			<type>image</type>
			<uuidstructure>cf7a569a-11b7-11db-91cd-fdbae480bac9</uuidstructure>
			<uuidresource>4c310231-1de4-11da-8b1d-0334e4183c08</uuidresource>
			<datecreated>Mon, 05 Sep 2005 08:08:52 GMT</datecreated>
			<flags>0</flags>
			<properties>
				<property type="shared">
					<name>image.size</name>
					<value><![CDATA[w:32,h:32]]></value>
				</property>
			</properties>
			<relations/>
			<accesscontrol/>
		</file>
		<file>
			<source>system/workplace/resources/tools/searchindex/icons/big/indexsource-resources.png</source>
			<destination>system/workplace/resources/tools/searchindex/icons/big/indexsource-resources.png</destination>
			<type>image</type>
			<uuidstructure>cf81828f-11b7-11db-91cd-fdbae480bac9</uuidstructure>
			<uuidresource>5a39fee6-1de4-11da-8b1d-0334e4183c08</uuidresource>
			<datecreated>Mon, 05 Sep 2005 08:09:16 GMT</datecreated>
			<flags>0</flags>
			<properties>
				<property type="shared">
					<name>image.size</name>
					<value><![CDATA[w:32,h:32]]></value>
				</property>
			</properties>
			<relations/>
			<accesscontrol/>
		</file>
		<file>
			<source>system/workplace/resources/tools/searchindex/icons/big/indexsource.png</source>
			<destination>system/workplace/resources/tools/searchindex/icons/big/indexsource.png</destination>
			<type>image</type>
			<uuidstructure>cf88ae84-11b7-11db-91cd-fdbae480bac9</uuidstructure>
			<uuidresource>445e7ec7-1873-11da-9aff-0334e4183c08</uuidresource>
			<datecreated>Mon, 29 Aug 2005 09:57:10 GMT</datecreated>
			<flags>0</flags>
			<properties>
				<property type="shared">
					<name>image.size</name>
					<value><![CDATA[w:32,h:32]]></value>
				</property>
			</properties>
			<relations/>
			<accesscontrol/>
		</file>
		<file>
			<source>system/workplace/resources/tools/searchindex/icons/big/searchindex-delete.png</source>
			<destination>system/workplace/resources/tools/searchindex/icons/big/searchindex-delete.png</destination>
			<type>image</type>
			<uuidstructure>cf8d6979-11b7-11db-91cd-fdbae480bac9</uuidstructure>
			<uuidresource>2b51af13-1873-11da-9aff-0334e4183c08</uuidresource>
			<datecreated>Mon, 29 Aug 2005 09:56:28 GMT</datecreated>
			<flags>0</flags>
			<properties>
				<property type="shared">
					<name>image.size</name>
					<value><![CDATA[w:32,h:32]]></value>
				</property>
			</properties>
			<relations/>
			<accesscontrol/>
		</file>
		<file>
			<source>system/workplace/resources/tools/searchindex/icons/big/searchindex-edit.png</source>
			<destination>system/workplace/resources/tools/searchindex/icons/big/searchindex-edit.png</destination>
			<type>image</type>
			<uuidstructure>cf8fda7e-11b7-11db-91cd-fdbae480bac9</uuidstructure>
			<uuidresource>df657cd3-1de4-11da-8b1d-0334e4183c08</uuidresource>
			<datecreated>Mon, 05 Sep 2005 08:12:59 GMT</datecreated>
			<flags>0</flags>
			<properties>
				<property type="shared">
					<name>image.size</name>
					<value><![CDATA[w:32,h:32]]></value>
				</property>
			</properties>
			<relations/>
			<accesscontrol/>
		</file>
		<file>
			<source>system/workplace/resources/tools/searchindex/icons/big/searchindex-new.png</source>
			<destination>system/workplace/resources/tools/searchindex/icons/big/searchindex-new.png</destination>
			<type>image</type>
			<uuidstructure>cf922373-11b7-11db-91cd-fdbae480bac9</uuidstructure>
			<uuidresource>fa8db278-1de4-11da-8b1d-0334e4183c08</uuidresource>
			<datecreated>Mon, 05 Sep 2005 08:13:45 GMT</datecreated>
			<flags>0</flags>
			<properties>
				<property type="shared">
					<name>image.size</name>
					<value><![CDATA[w:32,h:32]]></value>
				</property>
			</properties>
			<relations/>
			<accesscontrol/>
		</file>
		<file>
			<source>system/workplace/resources/tools/searchindex/icons/big/searchindex-rebuild.png</source>
			<destination>system/workplace/resources/tools/searchindex/icons/big/searchindex-rebuild.png</destination>
			<type>image</type>
			<uuidstructure>cf949478-11b7-11db-91cd-fdbae480bac9</uuidstructure>
			<uuidresource>a717dfe4-fa8e-11d9-bc7c-0334e4183c08</uuidresource>
			<datecreated>Mon, 27 Jun 2005 08:00:00 GMT</datecreated>
			<flags>0</flags>
			<properties>
				<property type="shared">
					<name>image.size</name>
					<value><![CDATA[w:32,h:32]]></value>
				</property>
			</properties>
			<relations/>
			<accesscontrol/>
		</file>
		<file>
			<source>system/workplace/resources/tools/searchindex/icons/big/searchindex-search.png</source>
			<destination>system/workplace/resources/tools/searchindex/icons/big/searchindex-search.png</destination>
			<type>image</type>
			<uuidstructure>cf994f6d-11b7-11db-91cd-fdbae480bac9</uuidstructure>
			<uuidresource>0db14b5d-1de5-11da-8b1d-0334e4183c08</uuidresource>
			<datecreated>Mon, 05 Sep 2005 08:14:17 GMT</datecreated>
			<flags>0</flags>
			<properties>
				<property type="shared">
					<name>image.size</name>
					<value><![CDATA[w:32,h:32]]></value>
				</property>
			</properties>
			<relations/>
			<accesscontrol/>
		</file>
		<file>
			<source>system/workplace/resources/tools/searchindex/icons/big/searchindex.png</source>
			<destination>system/workplace/resources/tools/searchindex/icons/big/searchindex.png</destination>
			<type>image</type>
			<uuidstructure>cfa53652-11b7-11db-91cd-fdbae480bac9</uuidstructure>
			<uuidresource>a710b3f0-fa8e-11d9-bc7c-0334e4183c08</uuidresource>
			<datecreated>Mon, 27 Jun 2005 08:00:00 GMT</datecreated>
			<flags>0</flags>
			<properties>
				<property type="shared">
					<name>image.size</name>
					<value><![CDATA[w:32,h:32]]></value>
				</property>
			</properties>
			<relations/>
			<accesscontrol/>
		</file>
		<file>
			<source>system/workplace/resources/tools/searchindex/icons/big/sourcesearch.png</source>
			<destination>system/workplace/resources/tools/searchindex/icons/big/sourcesearch.png</destination>
			<type>image</type>
			<uuidstructure>6dfc63f0-b0f4-11df-b359-00144f45afea</uuidstructure>
			<uuidresource>6dfc63f1-b0f4-11df-b359-00144f45afea</uuidresource>
			<datecreated>Thu, 26 Aug 2010 09:29:30 GMT</datecreated>
			<flags>0</flags>
			<properties>
				<property type="shared">
					<name>image.size</name>
					<value><![CDATA[w:32,h:32]]></value>
				</property>
			</properties>
			<relations/>
			<accesscontrol/>
		</file>
		<file>
			<destination>system/workplace/resources/tools/searchindex/icons/small</destination>
			<type>folder</type>
			<properties/>
		</file>
		<file>
			<source>system/workplace/resources/tools/searchindex/icons/small/fieldconfiguration-edit.png</source>
			<destination>system/workplace/resources/tools/searchindex/icons/small/fieldconfiguration-edit.png</destination>
			<type>image</type>
			<uuidstructure>bb1e2f2f-8b55-11db-824f-7102f397f5de</uuidstructure>
			<uuidresource>bb1e2f30-8b55-11db-824f-7102f397f5de</uuidresource>
			<datecreated>Thu, 14 Dec 2006 09:30:26 GMT</datecreated>
			<flags>0</flags>
			<properties>
				<property type="shared">
					<name>image.size</name>
					<value><![CDATA[w:20,h:20]]></value>
				</property>
			</properties>
			<relations/>
			<accesscontrol/>
		</file>
		<file>
			<source>system/workplace/resources/tools/searchindex/icons/small/fieldconfiguration-editfield.png</source>
			<destination>system/workplace/resources/tools/searchindex/icons/small/fieldconfiguration-editfield.png</destination>
			<type>image</type>
			<uuidstructure>bb0fd745-8b55-11db-824f-7102f397f5de</uuidstructure>
			<uuidresource>bb0fd746-8b55-11db-824f-7102f397f5de</uuidresource>
			<datecreated>Thu, 14 Dec 2006 09:30:26 GMT</datecreated>
			<flags>0</flags>
			<properties>
				<property type="shared">
					<name>image.size</name>
					<value><![CDATA[w:20,h:20]]></value>
				</property>
			</properties>
			<relations/>
			<accesscontrol/>
		</file>
		<file>
			<source>system/workplace/resources/tools/searchindex/icons/small/fieldconfiguration-mapping.png</source>
			<destination>system/workplace/resources/tools/searchindex/icons/small/fieldconfiguration-mapping.png</destination>
			<type>image</type>
			<uuidstructure>bb19743a-8b55-11db-824f-7102f397f5de</uuidstructure>
			<uuidresource>bb19743b-8b55-11db-824f-7102f397f5de</uuidresource>
			<datecreated>Thu, 14 Dec 2006 09:30:26 GMT</datecreated>
			<flags>0</flags>
			<properties>
				<property type="shared">
					<name>image.size</name>
					<value><![CDATA[w:20,h:20]]></value>
				</property>
			</properties>
			<relations/>
			<accesscontrol/>
		</file>
		<file>
			<source>system/workplace/resources/tools/searchindex/icons/small/indexsource-doctype.png</source>
			<destination>system/workplace/resources/tools/searchindex/icons/small/indexsource-doctype.png</destination>
			<type>image</type>
			<uuidstructure>cfaa1859-11b7-11db-91cd-fdbae480bac9</uuidstructure>
			<uuidresource>b64b9852-1de3-11da-8b1d-0334e4183c08</uuidresource>
			<datecreated>Mon, 05 Sep 2005 08:04:41 GMT</datecreated>
			<flags>0</flags>
			<properties>
				<property>
					<name>Description</name>
					<value><![CDATA[List icon for a document type of a search indexsource.]]></value>
				</property>
				<property>
					<name>Title</name>
					<value><![CDATA[Document type]]></value>
				</property>
				<property type="shared">
					<name>image.size</name>
					<value><![CDATA[w:20,h:20]]></value>
				</property>
			</properties>
			<relations/>
			<accesscontrol/>
		</file>
		<file>
			<source>system/workplace/resources/tools/searchindex/icons/small/indexsource-resources.png</source>
			<destination>system/workplace/resources/tools/searchindex/icons/small/indexsource-resources.png</destination>
			<type>image</type>
			<uuidstructure>cfac624e-11b7-11db-91cd-fdbae480bac9</uuidstructure>
			<uuidresource>f1d155db-1f7a-11da-b0bd-0334e4183c08</uuidresource>
			<datecreated>Wed, 07 Sep 2005 08:39:46 GMT</datecreated>
			<flags>0</flags>
			<properties>
				<property>
					<name>Description</name>
					<value><![CDATA[List - icon for indexsource - ressources.]]></value>
				</property>
				<property>
					<name>Title</name>
					<value><![CDATA[indexsource-resources]]></value>
				</property>
				<property type="shared">
					<name>image.size</name>
					<value><![CDATA[w:20,h:20]]></value>
				</property>
			</properties>
			<relations/>
			<accesscontrol/>
		</file>
		<file>
			<source>system/workplace/resources/tools/searchindex/icons/small/indexsource.png</source>
			<destination>system/workplace/resources/tools/searchindex/icons/small/indexsource.png</destination>
			<type>image</type>
			<uuidstructure>cfb14453-11b7-11db-91cd-fdbae480bac9</uuidstructure>
			<uuidresource>cc929147-1de3-11da-8b1d-0334e4183c08</uuidresource>
			<datecreated>Mon, 05 Sep 2005 08:05:18 GMT</datecreated>
			<flags>0</flags>
			<properties>
				<property>
					<name>Description</name>
					<value><![CDATA[List icon for a search indexsource.]]></value>
				</property>
				<property>
					<name>Title</name>
					<value><![CDATA[Indexsource]]></value>
				</property>
				<property type="shared">
					<name>image.size</name>
					<value><![CDATA[w:20,h:20]]></value>
				</property>
			</properties>
			<relations/>
			<accesscontrol/>
		</file>
		<file>
			<source>system/workplace/resources/tools/searchindex/icons/small/multi-rebuild.png</source>
			<destination>system/workplace/resources/tools/searchindex/icons/small/multi-rebuild.png</destination>
			<type>image</type>
			<uuidstructure>cfb84938-11b7-11db-91cd-fdbae480bac9</uuidstructure>
			<uuidresource>1056b5fa-1df2-11da-a3bb-0334e4183c08</uuidresource>
			<datecreated>Mon, 05 Sep 2005 09:47:25 GMT</datecreated>
			<flags>0</flags>
			<properties>
				<property type="shared">
					<name>image.size</name>
					<value><![CDATA[w:20,h:20]]></value>
				</property>
			</properties>
			<relations/>
			<accesscontrol/>
		</file>
		<file>
			<source>system/workplace/resources/tools/searchindex/icons/small/rebuild.png</source>
			<destination>system/workplace/resources/tools/searchindex/icons/small/rebuild.png</destination>
			<type>image</type>
			<uuidstructure>cfbf752b-11b7-11db-91cd-fdbae480bac9</uuidstructure>
			<uuidresource>fdf81ac4-1df1-11da-a3bb-0334e4183c08</uuidresource>
			<datecreated>Mon, 05 Sep 2005 09:46:54 GMT</datecreated>
			<flags>0</flags>
			<properties>
				<property type="shared">
					<name>image.size</name>
					<value><![CDATA[w:20,h:20]]></value>
				</property>
			</properties>
			<relations/>
			<accesscontrol/>
		</file>
		<file>
			<source>system/workplace/resources/tools/searchindex/icons/small/searchindex.png</source>
			<destination>system/workplace/resources/tools/searchindex/icons/small/searchindex.png</destination>
			<type>image</type>
			<uuidstructure>cfd03e0e-11b7-11db-91cd-fdbae480bac9</uuidstructure>
			<uuidresource>a7321eab-fa8e-11d9-bc7c-0334e4183c08</uuidresource>
			<datecreated>Mon, 27 Jun 2005 08:00:00 GMT</datecreated>
			<flags>0</flags>
			<properties>
				<property>
					<name>Description</name>
					<value><![CDATA[List icon for searchindex.]]></value>
				</property>
				<property>
					<name>Title</name>
					<value><![CDATA[Searchindex]]></value>
				</property>
				<property type="shared">
					<name>image.size</name>
					<value><![CDATA[w:20,h:20]]></value>
				</property>
			</properties>
			<relations/>
			<accesscontrol/>
		</file>
	</files>
</export>