<?xml version="1.0" encoding="UTF-8"?>

<ApolloImageGallerys xmlns:xsi="http://www.w3.org/2001/XMLSchema-instance" xsi:noNamespaceSchemaLocation="opencms://system/modules/org.opencms.apollo/schemas/imagegallery.xsd">
  <ApolloImageGallery language="en">
    <Title><![CDATA[Image gallery]]></Title>
    <ImageFolder>
      <link type="WEAK">
        <target><![CDATA[/sites/default/.galleries/samples/]]></target>
        <uuid>959d764a-4705-11e3-8417-000c29d28104</uuid>
      </link>
    </ImageFolder>
  </ApolloImageGallery>
</ApolloImageGallerys>
