<?xml version="1.0" encoding="UTF-8"?>

<NewFormatters xmlns:xsi="http://www.w3.org/2001/XMLSchema-instance" xsi:noNamespaceSchemaLocation="opencms://system/modules/org.opencms.ade.config/schemas/formatters/new_formatter.xsd">
  <NewFormatter language="en">
    <NiceName><![CDATA[Image as link box]]></NiceName>
    <Type><![CDATA[a-section]]></Type>
    <Jsp>
      <link type="WEAK">
        <target><![CDATA[/system/modules/org.opencms.apollo/formatters/image-link-box.jsp]]></target>
        <uuid>29ee38a6-5563-11e6-958f-0242ac11002b</uuid>
      </link>
    </Jsp>
    <Rank><![CDATA[5400]]></Rank>
    <Match>
      <Types>
        <ContainerType><![CDATA[element]]></ContainerType>
        <ContainerType><![CDATA[section]]></ContainerType>
        <ContainerType><![CDATA[image-linkbox]]></ContainerType>
      </Types>
    </Match>
    <Preview>false</Preview>
    <SearchContent>false</SearchContent>
    <AutoEnabled>true</AutoEnabled>
    <Detail>false</Detail>
    <Display>false</Display>
    <NestedContainers>false</NestedContainers>
    <Setting>
      <PropertyName><![CDATA[titlecolor]]></PropertyName>
      <DisplayName><![CDATA[%(key.apollo.setting.titlecolor)]]></DisplayName>
      <Widget><![CDATA[selectcombo]]></Widget>
      <WidgetConfig><![CDATA[%(page-property:apollo.css.color:red:%(key.apollo.setting.color.red)|blue:%(key.apollo.setting.color.blue)|blue-light:%(key.apollo.setting.color.lightblue)|blue-dark:%(key.apollo.setting.color.darkblue)|orange:%(key.apollo.setting.color.orange)|cyan:%(key.apollo.setting.color.cyan)|grey:%(key.apollo.setting.color.grey))]]></WidgetConfig>
    </Setting>
    <Setting>
      <PropertyName><![CDATA[iconclass]]></PropertyName>
      <DisplayName><![CDATA[%(key.apollo.setting.iconclass)]]></DisplayName>
      <Description><![CDATA[%(key.apollo.setting.iconclass.description)]]></Description>
      <Widget><![CDATA[selectcombo]]></Widget>
      <WidgetConfig><![CDATA[%(page-property:apollo.css.icon:
        info:%(key.apollo.setting.iconclass.info)|
        lightbulb-o:%(key.apollo.setting.iconclass.lightbulb)|
        link:%(key.apollo.setting.iconclass.link)|
        tag:%(key.apollo.setting.iconclass.tag)|
        cloud-download:%(key.apollo.setting.iconclass.download)|
        file:%(key.apollo.setting.iconclass.file)|
        file-pdf-o:%(key.apollo.setting.iconclass.pdf)|
        file-word-o:%(key.apollo.setting.iconclass.word)|
        file-archive-o:%(key.apollo.setting.iconclass.archive)|
        check:%(key.apollo.setting.iconclass.check)|
        angle-double-left:%(key.apollo.setting.iconclass.angleleft))]]></WidgetConfig>
    </Setting>
    <Setting>
      <PropertyName><![CDATA[textcolor]]></PropertyName>
      <DisplayName><![CDATA[%(key.apollo.setting.textcolor)]]></DisplayName>
      <Widget><![CDATA[selectcombo]]></Widget>
      <WidgetConfig><![CDATA[%(page-property:apollo.css.color:red:%(key.apollo.setting.color.red)|blue:%(key.apollo.setting.color.blue)|blue-light:%(key.apollo.setting.color.lightblue)|blue-dark:%(key.apollo.setting.color.darkblue)|orange:%(key.apollo.setting.color.orange)|cyan:%(key.apollo.setting.color.cyan)|grey:%(key.apollo.setting.color.grey))]]></WidgetConfig>
    </Setting>
    <Setting>
      <PropertyName><![CDATA[ieffect]]></PropertyName>
      <DisplayName><![CDATA[%(key.apollo.section.image.effect.label)]]></DisplayName>
      <Widget><![CDATA[selectcombo]]></Widget>
      <Default><![CDATA[none]]></Default>
      <WidgetConfig><![CDATA[
        none:%(key.apollo.section.image.effect.none)|
        ap-shadow:%(key.apollo.section.image.effect.shadow)|    
        bo-radius-10:%(key.apollo.section.image.effect.roundcorners)|
        bo-radius-50p:%(key.apollo.section.image.effect.vignette)|
        bo-1 bo-grey-lightest p-3:%(key.apollo.section.image.effect.bordered)|
        bo-1 bo-grey-lightest p-3 bo-radius-10:%(key.apollo.section.image.effect.borderedround)|
        bo-1 bo-grey-lightest p-3 bo-radius-50p:%(key.apollo.section.image.effect.borderedvignette)|
        ap-shadow bo-radius-10:%(key.apollo.section.image.effect.shadowround)|
        ap-shadow bo-1 bo-grey-lightest p-3:%(key.apollo.section.image.effect.shadowbordered)
      ]]></WidgetConfig>
    </Setting>
    <Setting>
      <PropertyName><![CDATA[itext]]></PropertyName>
      <DisplayName><![CDATA[%(key.apollo.section.image.text.copy)]]></DisplayName>
      <Widget><![CDATA[checkbox]]></Widget>
      <Default><![CDATA[true]]></Default>
    </Setting>
  </NewFormatter>
</NewFormatters>
