<?xml version="1.0" encoding="UTF-8"?>

<export>
	<info>
		<infoproject>Offline</infoproject>
		<export_version>10</export_version>
	</info>
	<module>
		<name>org.opencms.locale.es</name>
		<nicename><![CDATA[OpenCms 10 Spanish localization for the workplace]]></nicename>
		<group>OpenCms Localization</group>
		<class/>
		<import-script><![CDATA[
# sets access control entries  and properties on folders not exclusively belonging to this module
writeProperty '/system/workplace/locales/es/' 'content-encoding' 'ISO-8859-1'
		]]></import-script>
		<export-mode name="reduced"/>
		<description><![CDATA[<p>This module contains the Spanish language localization files for the OpenCms workplace.</p>
<p>Install this module if you want to use the Spanish version of the OpenCms Workplace.</p>
<p><i>&copy; 2016 by OpenCms Hispano (http://www.opencmshispano.com).</i></p>]]></description>
		<version>10.0.1</version>
		<authorname><![CDATA[OpenCms Hispano]]></authorname>
		<authoremail><![CDATA[info@opencmshispano.es]]></authoremail>
		<datecreated>Mon, 27 Jun 2005 08:00:00 GMT</datecreated>
		<userinstalled/>
		<dateinstalled/>
		<dependencies/>
		<exportpoints>
			<exportpoint uri="/system/workplace/locales/es/messages/" destination="WEB-INF/classes/"/>
		</exportpoints>
		<resources>
			<resource uri="/system/workplace/locales/es/messages/"/>
		</resources>
		<excluderesources/>
		<parameters/>
	</module>
	<files>
		<file>
			<destination>system</destination>
			<type>folder</type>
			<properties/>
		</file>
		<file>
			<destination>system/workplace</destination>
			<type>folder</type>
			<properties/>
		</file>
		<file>
			<destination>system/workplace/locales</destination>
			<type>folder</type>
			<properties/>
		</file>
		<file>
			<destination>system/workplace/locales/es</destination>
			<type>folder</type>
			<properties/>
		</file>
		<file>
			<destination>system/workplace/locales/es/messages</destination>
			<type>folder</type>
			<uuidstructure>9dbfe9c4-2e20-11e6-9187-79ccfd198777</uuidstructure>
			<datecreated>Thu, 09 Jun 2016 09:00:30 GMT</datecreated>
			<flags>0</flags>
			<properties/>
			<relations/>
			<accesscontrol/>
		</file>
		<file>
			<destination>system/workplace/locales/es/messages/org</destination>
			<type>folder</type>
			<uuidstructure>9dc14956-2e20-11e6-9187-79ccfd198777</uuidstructure>
			<datecreated>Thu, 09 Jun 2016 09:00:30 GMT</datecreated>
			<flags>0</flags>
			<properties/>
			<relations/>
			<accesscontrol/>
		</file>
		<file>
			<destination>system/workplace/locales/es/messages/org/opencms</destination>
			<type>folder</type>
			<uuidstructure>9dc233b8-2e20-11e6-9187-79ccfd198777</uuidstructure>
			<datecreated>Thu, 09 Jun 2016 09:00:30 GMT</datecreated>
			<flags>0</flags>
			<properties/>
			<relations/>
			<accesscontrol/>
		</file>
		<file>
			<destination>system/workplace/locales/es/messages/org/opencms/ade</destination>
			<type>folder</type>
			<uuidstructure>9e238d3a-2e20-11e6-9187-79ccfd198777</uuidstructure>
			<datecreated>Thu, 09 Jun 2016 09:00:30 GMT</datecreated>
			<flags>0</flags>
			<properties/>
			<relations/>
			<accesscontrol/>
		</file>
		<file>
			<destination>system/workplace/locales/es/messages/org/opencms/ade/config</destination>
			<type>folder</type>
			<uuidstructure>9e890665-2e20-11e6-9187-79ccfd198777</uuidstructure>
			<datecreated>Thu, 09 Jun 2016 09:00:31 GMT</datecreated>
			<flags>0</flags>
			<properties/>
			<relations/>
			<accesscontrol/>
		</file>
		<file>
			<source>system/workplace/locales/es/messages/org/opencms/ade/config/workplace_es.properties</source>
			<destination>system/workplace/locales/es/messages/org/opencms/ade/config/workplace_es.properties</destination>
			<type>plain</type>
			<uuidstructure>9e8a3ee7-2e20-11e6-9187-79ccfd198777</uuidstructure>
			<uuidresource>9e8a3ee8-2e20-11e6-9187-79ccfd198777</uuidresource>
			<datecreated>Thu, 09 Jun 2016 09:00:31 GMT</datecreated>
			<flags>0</flags>
			<properties/>
			<relations/>
			<accesscontrol/>
		</file>
		<file>
			<destination>system/workplace/locales/es/messages/org/opencms/ade/containerpage</destination>
			<type>folder</type>
			<uuidstructure>9e942a07-2e20-11e6-9187-79ccfd198777</uuidstructure>
			<datecreated>Thu, 09 Jun 2016 09:00:31 GMT</datecreated>
			<flags>0</flags>
			<properties/>
			<relations/>
			<accesscontrol/>
		</file>
		<file>
			<source>system/workplace/locales/es/messages/org/opencms/ade/containerpage/clientmessages_es.properties</source>
			<destination>system/workplace/locales/es/messages/org/opencms/ade/containerpage/clientmessages_es.properties</destination>
			<type>plain</type>
			<uuidstructure>9e95b0a9-2e20-11e6-9187-79ccfd198777</uuidstructure>
			<uuidresource>9e95b0aa-2e20-11e6-9187-79ccfd198777</uuidresource>
			<datecreated>Thu, 09 Jun 2016 09:00:31 GMT</datecreated>
			<flags>0</flags>
			<properties/>
			<relations/>
			<accesscontrol/>
		</file>
		<file>
			<source>system/workplace/locales/es/messages/org/opencms/ade/containerpage/messages_es.properties</source>
			<destination>system/workplace/locales/es/messages/org/opencms/ade/containerpage/messages_es.properties</destination>
			<type>plain</type>
			<uuidstructure>9e97ac7c-2e20-11e6-9187-79ccfd198777</uuidstructure>
			<uuidresource>9e97ac7d-2e20-11e6-9187-79ccfd198777</uuidresource>
			<datecreated>Thu, 09 Jun 2016 09:00:31 GMT</datecreated>
			<flags>0</flags>
			<properties/>
			<relations/>
			<accesscontrol/>
		</file>
		<file>
			<destination>system/workplace/locales/es/messages/org/opencms/ade/detailpage</destination>
			<type>folder</type>
			<uuidstructure>9e855ce0-2e20-11e6-9187-79ccfd198777</uuidstructure>
			<datecreated>Thu, 09 Jun 2016 09:00:31 GMT</datecreated>
			<flags>0</flags>
			<properties/>
			<relations/>
			<accesscontrol/>
		</file>
		<file>
			<source>system/workplace/locales/es/messages/org/opencms/ade/detailpage/messages_es.properties</source>
			<destination>system/workplace/locales/es/messages/org/opencms/ade/detailpage/messages_es.properties</destination>
			<type>plain</type>
			<uuidstructure>9e8731a2-2e20-11e6-9187-79ccfd198777</uuidstructure>
			<uuidresource>9e8731a3-2e20-11e6-9187-79ccfd198777</uuidresource>
			<datecreated>Thu, 09 Jun 2016 09:00:31 GMT</datecreated>
			<flags>0</flags>
			<properties/>
			<relations/>
			<accesscontrol/>
		</file>
		<file>
			<destination>system/workplace/locales/es/messages/org/opencms/ade/galleries</destination>
			<type>folder</type>
			<uuidstructure>9e8f47ff-2e20-11e6-9187-79ccfd198777</uuidstructure>
			<datecreated>Thu, 09 Jun 2016 09:00:31 GMT</datecreated>
			<flags>0</flags>
			<properties/>
			<relations/>
			<accesscontrol/>
		</file>
		<file>
			<source>system/workplace/locales/es/messages/org/opencms/ade/galleries/clientmessages_es.properties</source>
			<destination>system/workplace/locales/es/messages/org/opencms/ade/galleries/clientmessages_es.properties</destination>
			<type>plain</type>
			<uuidstructure>9e90f5b1-2e20-11e6-9187-79ccfd198777</uuidstructure>
			<uuidresource>9e90f5b2-2e20-11e6-9187-79ccfd198777</uuidresource>
			<datecreated>Thu, 09 Jun 2016 09:00:31 GMT</datecreated>
			<flags>0</flags>
			<properties/>
			<relations/>
			<accesscontrol/>
		</file>
		<file>
			<source>system/workplace/locales/es/messages/org/opencms/ade/galleries/messages_es.properties</source>
			<destination>system/workplace/locales/es/messages/org/opencms/ade/galleries/messages_es.properties</destination>
			<type>plain</type>
			<uuidstructure>9e927c54-2e20-11e6-9187-79ccfd198777</uuidstructure>
			<uuidresource>9e927c55-2e20-11e6-9187-79ccfd198777</uuidresource>
			<datecreated>Thu, 09 Jun 2016 09:00:31 GMT</datecreated>
			<flags>0</flags>
			<properties/>
			<relations/>
			<accesscontrol/>
		</file>
		<file>
			<destination>system/workplace/locales/es/messages/org/opencms/ade/publish</destination>
			<type>folder</type>
			<uuidstructure>9e995a2f-2e20-11e6-9187-79ccfd198777</uuidstructure>
			<datecreated>Thu, 09 Jun 2016 09:00:31 GMT</datecreated>
			<flags>0</flags>
			<properties/>
			<relations/>
			<accesscontrol/>
		</file>
		<file>
			<source>system/workplace/locales/es/messages/org/opencms/ade/publish/clientmessages_es.properties</source>
			<destination>system/workplace/locales/es/messages/org/opencms/ade/publish/clientmessages_es.properties</destination>
			<type>plain</type>
			<uuidstructure>9e9b07e1-2e20-11e6-9187-79ccfd198777</uuidstructure>
			<uuidresource>9e9b07e2-2e20-11e6-9187-79ccfd198777</uuidresource>
			<datecreated>Thu, 09 Jun 2016 09:00:31 GMT</datecreated>
			<flags>0</flags>
			<properties/>
			<relations/>
			<accesscontrol/>
		</file>
		<file>
			<source>system/workplace/locales/es/messages/org/opencms/ade/publish/messages_es.properties</source>
			<destination>system/workplace/locales/es/messages/org/opencms/ade/publish/messages_es.properties</destination>
			<type>plain</type>
			<uuidstructure>9e9c8e84-2e20-11e6-9187-79ccfd198777</uuidstructure>
			<uuidresource>9e9c8e85-2e20-11e6-9187-79ccfd198777</uuidresource>
			<datecreated>Thu, 09 Jun 2016 09:00:31 GMT</datecreated>
			<flags>0</flags>
			<properties/>
			<relations/>
			<accesscontrol/>
		</file>
		<file>
			<destination>system/workplace/locales/es/messages/org/opencms/ade/sitemap</destination>
			<type>folder</type>
			<uuidstructure>9e81653b-2e20-11e6-9187-79ccfd198777</uuidstructure>
			<datecreated>Thu, 09 Jun 2016 09:00:31 GMT</datecreated>
			<flags>0</flags>
			<properties/>
			<relations/>
			<accesscontrol/>
		</file>
		<file>
			<source>system/workplace/locales/es/messages/org/opencms/ade/sitemap/clientmessages_es.properties</source>
			<destination>system/workplace/locales/es/messages/org/opencms/ade/sitemap/clientmessages_es.properties</destination>
			<type>plain</type>
			<uuidstructure>9e83881d-2e20-11e6-9187-79ccfd198777</uuidstructure>
			<uuidresource>9e83881e-2e20-11e6-9187-79ccfd198777</uuidresource>
			<datecreated>Thu, 09 Jun 2016 09:00:31 GMT</datecreated>
			<flags>0</flags>
			<properties/>
			<relations/>
			<accesscontrol/>
		</file>
		<file>
			<destination>system/workplace/locales/es/messages/org/opencms/ade/upload</destination>
			<type>folder</type>
			<uuidstructure>9e8c13aa-2e20-11e6-9187-79ccfd198777</uuidstructure>
			<datecreated>Thu, 09 Jun 2016 09:00:31 GMT</datecreated>
			<flags>0</flags>
			<properties/>
			<relations/>
			<accesscontrol/>
		</file>
		<file>
			<source>system/workplace/locales/es/messages/org/opencms/ade/upload/messages_es.properties</source>
			<destination>system/workplace/locales/es/messages/org/opencms/ade/upload/messages_es.properties</destination>
			<type>plain</type>
			<uuidstructure>9e8dc15c-2e20-11e6-9187-79ccfd198777</uuidstructure>
			<uuidresource>9e8dc15d-2e20-11e6-9187-79ccfd198777</uuidresource>
			<datecreated>Thu, 09 Jun 2016 09:00:31 GMT</datecreated>
			<flags>0</flags>
			<properties/>
			<relations/>
			<accesscontrol/>
		</file>
		<file>
			<destination>system/workplace/locales/es/messages/org/opencms/cache</destination>
			<type>folder</type>
			<uuidstructure>9e1fe3b5-2e20-11e6-9187-79ccfd198777</uuidstructure>
			<datecreated>Thu, 09 Jun 2016 09:00:30 GMT</datecreated>
			<flags>0</flags>
			<properties/>
			<relations/>
			<accesscontrol/>
		</file>
		<file>
			<source>system/workplace/locales/es/messages/org/opencms/cache/messages_es.properties</source>
			<destination>system/workplace/locales/es/messages/org/opencms/cache/messages_es.properties</destination>
			<type>plain</type>
			<uuidstructure>9e216a57-2e20-11e6-9187-79ccfd198777</uuidstructure>
			<uuidresource>9e216a58-2e20-11e6-9187-79ccfd198777</uuidresource>
			<datecreated>Thu, 09 Jun 2016 09:00:30 GMT</datecreated>
			<flags>0</flags>
			<properties/>
			<relations/>
			<accesscontrol/>
		</file>
		<file>
			<destination>system/workplace/locales/es/messages/org/opencms/configuration</destination>
			<type>folder</type>
			<uuidstructure>9e1cfd80-2e20-11e6-9187-79ccfd198777</uuidstructure>
			<datecreated>Thu, 09 Jun 2016 09:00:30 GMT</datecreated>
			<flags>0</flags>
			<properties/>
			<relations/>
			<accesscontrol/>
		</file>
		<file>
			<source>system/workplace/locales/es/messages/org/opencms/configuration/messages_es.properties</source>
			<destination>system/workplace/locales/es/messages/org/opencms/configuration/messages_es.properties</destination>
			<type>plain</type>
			<uuidstructure>9e1e5d12-2e20-11e6-9187-79ccfd198777</uuidstructure>
			<uuidresource>9e1e5d13-2e20-11e6-9187-79ccfd198777</uuidresource>
			<datecreated>Thu, 09 Jun 2016 09:00:30 GMT</datecreated>
			<flags>0</flags>
			<properties/>
			<relations/>
			<accesscontrol/>
		</file>
		<file>
			<destination>system/workplace/locales/es/messages/org/opencms/db</destination>
			<type>folder</type>
			<uuidstructure>9e192ceb-2e20-11e6-9187-79ccfd198777</uuidstructure>
			<datecreated>Thu, 09 Jun 2016 09:00:30 GMT</datecreated>
			<flags>0</flags>
			<properties/>
			<relations/>
			<accesscontrol/>
		</file>
		<file>
			<source>system/workplace/locales/es/messages/org/opencms/db/messages_es.properties</source>
			<destination>system/workplace/locales/es/messages/org/opencms/db/messages_es.properties</destination>
			<type>plain</type>
			<uuidstructure>9e1b01ad-2e20-11e6-9187-79ccfd198777</uuidstructure>
			<uuidresource>9e1b01ae-2e20-11e6-9187-79ccfd198777</uuidresource>
			<datecreated>Thu, 09 Jun 2016 09:00:30 GMT</datecreated>
			<flags>0</flags>
			<properties/>
			<relations/>
			<accesscontrol/>
		</file>
		<file>
			<destination>system/workplace/locales/es/messages/org/opencms/db/generic</destination>
			<type>folder</type>
			<uuidstructure>9e7e30e6-2e20-11e6-9187-79ccfd198777</uuidstructure>
			<datecreated>Thu, 09 Jun 2016 09:00:31 GMT</datecreated>
			<flags>0</flags>
			<properties/>
			<relations/>
			<accesscontrol/>
		</file>
		<file>
			<source>system/workplace/locales/es/messages/org/opencms/db/generic/messages_es.properties</source>
			<destination>system/workplace/locales/es/messages/org/opencms/db/generic/messages_es.properties</destination>
			<type>plain</type>
			<uuidstructure>9e7f9078-2e20-11e6-9187-79ccfd198777</uuidstructure>
			<uuidresource>9e7f9079-2e20-11e6-9187-79ccfd198777</uuidresource>
			<datecreated>Thu, 09 Jun 2016 09:00:31 GMT</datecreated>
			<flags>0</flags>
			<properties/>
			<relations/>
			<accesscontrol/>
		</file>
		<file>
			<destination>system/workplace/locales/es/messages/org/opencms/editors</destination>
			<type>folder</type>
			<uuidstructure>9e17cd59-2e20-11e6-9187-79ccfd198777</uuidstructure>
			<datecreated>Thu, 09 Jun 2016 09:00:30 GMT</datecreated>
			<flags>0</flags>
			<properties/>
			<relations/>
			<accesscontrol/>
		</file>
		<file>
			<destination>system/workplace/locales/es/messages/org/opencms/editors/fckeditor</destination>
			<type>folder</type>
			<uuidstructure>9e7ad581-2e20-11e6-9187-79ccfd198777</uuidstructure>
			<datecreated>Thu, 09 Jun 2016 09:00:31 GMT</datecreated>
			<flags>0</flags>
			<properties/>
			<relations/>
			<accesscontrol/>
		</file>
		<file>
			<source>system/workplace/locales/es/messages/org/opencms/editors/fckeditor/messages_es.properties</source>
			<destination>system/workplace/locales/es/messages/org/opencms/editors/fckeditor/messages_es.properties</destination>
			<type>plain</type>
			<uuidstructure>9e7c8333-2e20-11e6-9187-79ccfd198777</uuidstructure>
			<uuidresource>9e7c8334-2e20-11e6-9187-79ccfd198777</uuidresource>
			<datecreated>Thu, 09 Jun 2016 09:00:31 GMT</datecreated>
			<flags>0</flags>
			<properties/>
			<relations/>
			<accesscontrol/>
		</file>
		<file>
			<destination>system/workplace/locales/es/messages/org/opencms/editors/htmlarea</destination>
			<type>folder</type>
			<uuidstructure>9e777a1c-2e20-11e6-9187-79ccfd198777</uuidstructure>
			<datecreated>Thu, 09 Jun 2016 09:00:31 GMT</datecreated>
			<flags>0</flags>
			<properties/>
			<relations/>
			<accesscontrol/>
		</file>
		<file>
			<source>system/workplace/locales/es/messages/org/opencms/editors/htmlarea/messages_es.properties</source>
			<destination>system/workplace/locales/es/messages/org/opencms/editors/htmlarea/messages_es.properties</destination>
			<type>plain</type>
			<uuidstructure>9e7900be-2e20-11e6-9187-79ccfd198777</uuidstructure>
			<uuidresource>9e7900bf-2e20-11e6-9187-79ccfd198777</uuidresource>
			<datecreated>Thu, 09 Jun 2016 09:00:31 GMT</datecreated>
			<flags>0</flags>
			<properties/>
			<relations/>
			<accesscontrol/>
		</file>
		<file>
			<destination>system/workplace/locales/es/messages/org/opencms/file</destination>
			<type>folder</type>
			<uuidstructure>9e144ae4-2e20-11e6-9187-79ccfd198777</uuidstructure>
			<datecreated>Thu, 09 Jun 2016 09:00:30 GMT</datecreated>
			<flags>0</flags>
			<properties/>
			<relations/>
			<accesscontrol/>
		</file>
		<file>
			<source>system/workplace/locales/es/messages/org/opencms/file/messages_es.properties</source>
			<destination>system/workplace/locales/es/messages/org/opencms/file/messages_es.properties</destination>
			<type>plain</type>
			<uuidstructure>9e15f896-2e20-11e6-9187-79ccfd198777</uuidstructure>
			<uuidresource>9e15f897-2e20-11e6-9187-79ccfd198777</uuidresource>
			<datecreated>Thu, 09 Jun 2016 09:00:30 GMT</datecreated>
			<flags>0</flags>
			<properties/>
			<relations/>
			<accesscontrol/>
		</file>
		<file>
			<destination>system/workplace/locales/es/messages/org/opencms/file/collectors</destination>
			<type>folder</type>
			<uuidstructure>9e74baf7-2e20-11e6-9187-79ccfd198777</uuidstructure>
			<datecreated>Thu, 09 Jun 2016 09:00:31 GMT</datecreated>
			<flags>0</flags>
			<properties/>
			<relations/>
			<accesscontrol/>
		</file>
		<file>
			<source>system/workplace/locales/es/messages/org/opencms/file/collectors/messages_es.properties</source>
			<destination>system/workplace/locales/es/messages/org/opencms/file/collectors/messages_es.properties</destination>
			<type>plain</type>
			<uuidstructure>9e75f379-2e20-11e6-9187-79ccfd198777</uuidstructure>
			<uuidresource>9e75f37a-2e20-11e6-9187-79ccfd198777</uuidresource>
			<datecreated>Thu, 09 Jun 2016 09:00:31 GMT</datecreated>
			<flags>0</flags>
			<properties/>
			<relations/>
			<accesscontrol/>
		</file>
		<file>
			<destination>system/workplace/locales/es/messages/org/opencms/file/types</destination>
			<type>folder</type>
			<uuidstructure>9e71fbd2-2e20-11e6-9187-79ccfd198777</uuidstructure>
			<datecreated>Thu, 09 Jun 2016 09:00:31 GMT</datecreated>
			<flags>0</flags>
			<properties/>
			<relations/>
			<accesscontrol/>
		</file>
		<file>
			<source>system/workplace/locales/es/messages/org/opencms/file/types/messages_es.properties</source>
			<destination>system/workplace/locales/es/messages/org/opencms/file/types/messages_es.properties</destination>
			<type>plain</type>
			<uuidstructure>9e730d44-2e20-11e6-9187-79ccfd198777</uuidstructure>
			<uuidresource>9e730d45-2e20-11e6-9187-79ccfd198777</uuidresource>
			<datecreated>Thu, 09 Jun 2016 09:00:31 GMT</datecreated>
			<flags>0</flags>
			<properties/>
			<relations/>
			<accesscontrol/>
		</file>
		<file>
			<destination>system/workplace/locales/es/messages/org/opencms/flex</destination>
			<type>folder</type>
			<uuidstructure>9e118cbf-2e20-11e6-9187-79ccfd198777</uuidstructure>
			<datecreated>Thu, 09 Jun 2016 09:00:30 GMT</datecreated>
			<flags>0</flags>
			<properties/>
			<relations/>
			<accesscontrol/>
		</file>
		<file>
			<source>system/workplace/locales/es/messages/org/opencms/flex/messages_es.properties</source>
			<destination>system/workplace/locales/es/messages/org/opencms/flex/messages_es.properties</destination>
			<type>plain</type>
			<uuidstructure>9e12c441-2e20-11e6-9187-79ccfd198777</uuidstructure>
			<uuidresource>9e12c442-2e20-11e6-9187-79ccfd198777</uuidresource>
			<datecreated>Thu, 09 Jun 2016 09:00:30 GMT</datecreated>
			<flags>0</flags>
			<properties/>
			<relations/>
			<accesscontrol/>
		</file>
		<file>
			<destination>system/workplace/locales/es/messages/org/opencms/frontend</destination>
			<type>folder</type>
			<uuidstructure>9e0fdf0d-2e20-11e6-9187-79ccfd198777</uuidstructure>
			<datecreated>Thu, 09 Jun 2016 09:00:30 GMT</datecreated>
			<flags>0</flags>
			<properties/>
			<relations/>
			<accesscontrol/>
		</file>
		<file>
			<destination>system/workplace/locales/es/messages/org/opencms/frontend/layoutpage</destination>
			<type>folder</type>
			<uuidstructure>9e6e524d-2e20-11e6-9187-79ccfd198777</uuidstructure>
			<datecreated>Thu, 09 Jun 2016 09:00:31 GMT</datecreated>
			<flags>0</flags>
			<properties/>
			<relations/>
			<accesscontrol/>
		</file>
		<file>
			<source>system/workplace/locales/es/messages/org/opencms/frontend/layoutpage/messages_es.properties</source>
			<destination>system/workplace/locales/es/messages/org/opencms/frontend/layoutpage/messages_es.properties</destination>
			<type>plain</type>
			<uuidstructure>9e6fd8ef-2e20-11e6-9187-79ccfd198777</uuidstructure>
			<uuidresource>9e6fd8f0-2e20-11e6-9187-79ccfd198777</uuidresource>
			<datecreated>Thu, 09 Jun 2016 09:00:31 GMT</datecreated>
			<flags>0</flags>
			<properties/>
			<relations/>
			<accesscontrol/>
		</file>
		<file>
			<destination>system/workplace/locales/es/messages/org/opencms/frontend/photoalbum</destination>
			<type>folder</type>
			<uuidstructure>9e6b6c18-2e20-11e6-9187-79ccfd198777</uuidstructure>
			<datecreated>Thu, 09 Jun 2016 09:00:31 GMT</datecreated>
			<flags>0</flags>
			<properties/>
			<relations/>
			<accesscontrol/>
		</file>
		<file>
			<source>system/workplace/locales/es/messages/org/opencms/frontend/photoalbum/messages_es.properties</source>
			<destination>system/workplace/locales/es/messages/org/opencms/frontend/photoalbum/messages_es.properties</destination>
			<type>plain</type>
			<uuidstructure>9e6d19ca-2e20-11e6-9187-79ccfd198777</uuidstructure>
			<uuidresource>9e6d19cb-2e20-11e6-9187-79ccfd198777</uuidresource>
			<datecreated>Thu, 09 Jun 2016 09:00:31 GMT</datecreated>
			<flags>0</flags>
			<properties/>
			<relations/>
			<accesscontrol/>
		</file>
		<file>
			<destination>system/workplace/locales/es/messages/org/opencms/frontend/templateone</destination>
			<type>folder</type>
			<uuidstructure>9e6837c3-2e20-11e6-9187-79ccfd198777</uuidstructure>
			<datecreated>Thu, 09 Jun 2016 09:00:31 GMT</datecreated>
			<flags>0</flags>
			<properties/>
			<relations/>
			<accesscontrol/>
		</file>
		<file>
			<source>system/workplace/locales/es/messages/org/opencms/frontend/templateone/messages_es.properties</source>
			<destination>system/workplace/locales/es/messages/org/opencms/frontend/templateone/messages_es.properties</destination>
			<type>plain</type>
			<uuidstructure>9e6a3395-2e20-11e6-9187-79ccfd198777</uuidstructure>
			<uuidresource>9e6a3396-2e20-11e6-9187-79ccfd198777</uuidresource>
			<datecreated>Thu, 09 Jun 2016 09:00:31 GMT</datecreated>
			<flags>0</flags>
			<properties/>
			<relations/>
			<accesscontrol/>
		</file>
		<file>
			<destination>system/workplace/locales/es/messages/org/opencms/frontend/templateone/form</destination>
			<type>folder</type>
			<uuidstructure>9edc5609-2e20-11e6-9187-79ccfd198777</uuidstructure>
			<datecreated>Thu, 09 Jun 2016 09:00:32 GMT</datecreated>
			<flags>0</flags>
			<properties/>
			<relations/>
			<accesscontrol/>
		</file>
		<file>
			<source>system/workplace/locales/es/messages/org/opencms/frontend/templateone/form/messages_es.properties</source>
			<destination>system/workplace/locales/es/messages/org/opencms/frontend/templateone/form/messages_es.properties</destination>
			<type>plain</type>
			<uuidstructure>9edd8e8b-2e20-11e6-9187-79ccfd198777</uuidstructure>
			<uuidresource>9edd8e8c-2e20-11e6-9187-79ccfd198777</uuidresource>
			<datecreated>Thu, 09 Jun 2016 09:00:32 GMT</datecreated>
			<flags>0</flags>
			<properties/>
			<relations/>
			<accesscontrol/>
		</file>
		<file>
			<destination>system/workplace/locales/es/messages/org/opencms/frontend/templateone/modules</destination>
			<type>folder</type>
			<uuidstructure>9ed9bdf4-2e20-11e6-9187-79ccfd198777</uuidstructure>
			<datecreated>Thu, 09 Jun 2016 09:00:32 GMT</datecreated>
			<flags>0</flags>
			<properties/>
			<relations/>
			<accesscontrol/>
		</file>
		<file>
			<source>system/workplace/locales/es/messages/org/opencms/frontend/templateone/modules/messages_es.properties</source>
			<destination>system/workplace/locales/es/messages/org/opencms/frontend/templateone/modules/messages_es.properties</destination>
			<type>plain</type>
			<uuidstructure>9edaf676-2e20-11e6-9187-79ccfd198777</uuidstructure>
			<uuidresource>9edaf677-2e20-11e6-9187-79ccfd198777</uuidresource>
			<datecreated>Thu, 09 Jun 2016 09:00:32 GMT</datecreated>
			<flags>0</flags>
			<properties/>
			<relations/>
			<accesscontrol/>
		</file>
		<file>
			<destination>system/workplace/locales/es/messages/org/opencms/gwt</destination>
			<type>folder</type>
			<uuidstructure>9dc36c3a-2e20-11e6-9187-79ccfd198777</uuidstructure>
			<datecreated>Thu, 09 Jun 2016 09:00:30 GMT</datecreated>
			<flags>0</flags>
			<properties/>
			<relations/>
			<accesscontrol/>
		</file>
		<file>
			<source>system/workplace/locales/es/messages/org/opencms/gwt/clientmessages_es.properties</source>
			<destination>system/workplace/locales/es/messages/org/opencms/gwt/clientmessages_es.properties</destination>
			<type>plain</type>
			<uuidstructure>9dc5680c-2e20-11e6-9187-79ccfd198777</uuidstructure>
			<uuidresource>9dc5680d-2e20-11e6-9187-79ccfd198777</uuidresource>
			<datecreated>Thu, 09 Jun 2016 09:00:30 GMT</datecreated>
			<flags>0</flags>
			<properties/>
			<relations/>
			<accesscontrol/>
		</file>
		<file>
			<source>system/workplace/locales/es/messages/org/opencms/gwt/messages_es.properties</source>
			<destination>system/workplace/locales/es/messages/org/opencms/gwt/messages_es.properties</destination>
			<type>plain</type>
			<uuidstructure>9dc7d90f-2e20-11e6-9187-79ccfd198777</uuidstructure>
			<uuidresource>9dc7d910-2e20-11e6-9187-79ccfd198777</uuidresource>
			<datecreated>Thu, 09 Jun 2016 09:00:30 GMT</datecreated>
			<flags>0</flags>
			<properties/>
			<relations/>
			<accesscontrol/>
		</file>
		<file>
			<destination>system/workplace/locales/es/messages/org/opencms/i18n</destination>
			<type>folder</type>
			<uuidstructure>9e0d1fe8-2e20-11e6-9187-79ccfd198777</uuidstructure>
			<datecreated>Thu, 09 Jun 2016 09:00:30 GMT</datecreated>
			<flags>0</flags>
			<properties/>
			<relations/>
			<accesscontrol/>
		</file>
		<file>
			<source>system/workplace/locales/es/messages/org/opencms/i18n/messages_es.properties</source>
			<destination>system/workplace/locales/es/messages/org/opencms/i18n/messages_es.properties</destination>
			<type>plain</type>
			<uuidstructure>9e0e7f7a-2e20-11e6-9187-79ccfd198777</uuidstructure>
			<uuidresource>9e0e7f7b-2e20-11e6-9187-79ccfd198777</uuidresource>
			<datecreated>Thu, 09 Jun 2016 09:00:30 GMT</datecreated>
			<flags>0</flags>
			<properties/>
			<relations/>
			<accesscontrol/>
		</file>
		<file>
			<destination>system/workplace/locales/es/messages/org/opencms/importexport</destination>
			<type>folder</type>
			<uuidstructure>9e0a60c3-2e20-11e6-9187-79ccfd198777</uuidstructure>
			<datecreated>Thu, 09 Jun 2016 09:00:30 GMT</datecreated>
			<flags>0</flags>
			<properties/>
			<relations/>
			<accesscontrol/>
		</file>
		<file>
			<source>system/workplace/locales/es/messages/org/opencms/importexport/messages_es.properties</source>
			<destination>system/workplace/locales/es/messages/org/opencms/importexport/messages_es.properties</destination>
			<type>plain</type>
			<uuidstructure>9e0b9945-2e20-11e6-9187-79ccfd198777</uuidstructure>
			<uuidresource>9e0b9946-2e20-11e6-9187-79ccfd198777</uuidresource>
			<datecreated>Thu, 09 Jun 2016 09:00:30 GMT</datecreated>
			<flags>0</flags>
			<properties/>
			<relations/>
			<accesscontrol/>
		</file>
		<file>
			<destination>system/workplace/locales/es/messages/org/opencms/jsp</destination>
			<type>folder</type>
			<uuidstructure>9e07537e-2e20-11e6-9187-79ccfd198777</uuidstructure>
			<datecreated>Thu, 09 Jun 2016 09:00:30 GMT</datecreated>
			<flags>0</flags>
			<properties/>
			<relations/>
			<accesscontrol/>
		</file>
		<file>
			<source>system/workplace/locales/es/messages/org/opencms/jsp/messages_es.properties</source>
			<destination>system/workplace/locales/es/messages/org/opencms/jsp/messages_es.properties</destination>
			<type>plain</type>
			<uuidstructure>9e08b310-2e20-11e6-9187-79ccfd198777</uuidstructure>
			<uuidresource>9e08b311-2e20-11e6-9187-79ccfd198777</uuidresource>
			<datecreated>Thu, 09 Jun 2016 09:00:30 GMT</datecreated>
			<flags>0</flags>
			<properties/>
			<relations/>
			<accesscontrol/>
		</file>
		<file>
			<destination>system/workplace/locales/es/messages/org/opencms/jsp/decorator</destination>
			<type>folder</type>
			<uuidstructure>9e62926e-2e20-11e6-9187-79ccfd198777</uuidstructure>
			<datecreated>Thu, 09 Jun 2016 09:00:31 GMT</datecreated>
			<flags>0</flags>
			<properties/>
			<relations/>
			<accesscontrol/>
		</file>
		<file>
			<source>system/workplace/locales/es/messages/org/opencms/jsp/decorator/messages_es.properties</source>
			<destination>system/workplace/locales/es/messages/org/opencms/jsp/decorator/messages_es.properties</destination>
			<type>plain</type>
			<uuidstructure>9e644020-2e20-11e6-9187-79ccfd198777</uuidstructure>
			<uuidresource>9e644021-2e20-11e6-9187-79ccfd198777</uuidresource>
			<datecreated>Thu, 09 Jun 2016 09:00:31 GMT</datecreated>
			<flags>0</flags>
			<properties/>
			<relations/>
			<accesscontrol/>
		</file>
		<file>
			<destination>system/workplace/locales/es/messages/org/opencms/jsp/util</destination>
			<type>folder</type>
			<uuidstructure>9e5c77e6-2e20-11e6-9187-79ccfd198777</uuidstructure>
			<datecreated>Thu, 09 Jun 2016 09:00:31 GMT</datecreated>
			<flags>0</flags>
			<properties/>
			<relations/>
			<accesscontrol/>
		</file>
		<file>
			<source>system/workplace/locales/es/messages/org/opencms/jsp/util/errorpage.properties</source>
			<destination>system/workplace/locales/es/messages/org/opencms/jsp/util/errorpage.properties</destination>
			<type>plain</type>
			<uuidstructure>9e5e4ca8-2e20-11e6-9187-79ccfd198777</uuidstructure>
			<uuidresource>9e5e4ca9-2e20-11e6-9187-79ccfd198777</uuidresource>
			<datecreated>Thu, 09 Jun 2016 09:00:31 GMT</datecreated>
			<flags>0</flags>
			<properties/>
			<relations/>
			<accesscontrol/>
		</file>
		<file>
			<source>system/workplace/locales/es/messages/org/opencms/jsp/util/messages_es.properties</source>
			<destination>system/workplace/locales/es/messages/org/opencms/jsp/util/messages_es.properties</destination>
			<type>plain</type>
			<uuidstructure>9e60969b-2e20-11e6-9187-79ccfd198777</uuidstructure>
			<uuidresource>9e60969c-2e20-11e6-9187-79ccfd198777</uuidresource>
			<datecreated>Thu, 09 Jun 2016 09:00:31 GMT</datecreated>
			<flags>0</flags>
			<properties/>
			<relations/>
			<accesscontrol/>
		</file>
		<file>
			<destination>system/workplace/locales/es/messages/org/opencms/loader</destination>
			<type>folder</type>
			<uuidstructure>9e046d49-2e20-11e6-9187-79ccfd198777</uuidstructure>
			<datecreated>Thu, 09 Jun 2016 09:00:30 GMT</datecreated>
			<flags>0</flags>
			<properties/>
			<relations/>
			<accesscontrol/>
		</file>
		<file>
			<source>system/workplace/locales/es/messages/org/opencms/loader/messages_es.properties</source>
			<destination>system/workplace/locales/es/messages/org/opencms/loader/messages_es.properties</destination>
			<type>plain</type>
			<uuidstructure>9e05ccdb-2e20-11e6-9187-79ccfd198777</uuidstructure>
			<uuidresource>9e05ccdc-2e20-11e6-9187-79ccfd198777</uuidresource>
			<datecreated>Thu, 09 Jun 2016 09:00:30 GMT</datecreated>
			<flags>0</flags>
			<properties/>
			<relations/>
			<accesscontrol/>
		</file>
		<file>
			<destination>system/workplace/locales/es/messages/org/opencms/lock</destination>
			<type>folder</type>
			<uuidstructure>9e018714-2e20-11e6-9187-79ccfd198777</uuidstructure>
			<datecreated>Thu, 09 Jun 2016 09:00:30 GMT</datecreated>
			<flags>0</flags>
			<properties/>
			<relations/>
			<accesscontrol/>
		</file>
		<file>
			<source>system/workplace/locales/es/messages/org/opencms/lock/messages_es.properties</source>
			<destination>system/workplace/locales/es/messages/org/opencms/lock/messages_es.properties</destination>
			<type>plain</type>
			<uuidstructure>9e02e6a6-2e20-11e6-9187-79ccfd198777</uuidstructure>
			<uuidresource>9e02e6a7-2e20-11e6-9187-79ccfd198777</uuidresource>
			<datecreated>Thu, 09 Jun 2016 09:00:30 GMT</datecreated>
			<flags>0</flags>
			<properties/>
			<relations/>
			<accesscontrol/>
		</file>
		<file>
			<destination>system/workplace/locales/es/messages/org/opencms/mail</destination>
			<type>folder</type>
			<uuidstructure>9dfe79cf-2e20-11e6-9187-79ccfd198777</uuidstructure>
			<datecreated>Thu, 09 Jun 2016 09:00:30 GMT</datecreated>
			<flags>0</flags>
			<properties/>
			<relations/>
			<accesscontrol/>
		</file>
		<file>
			<source>system/workplace/locales/es/messages/org/opencms/mail/messages_es.properties</source>
			<destination>system/workplace/locales/es/messages/org/opencms/mail/messages_es.properties</destination>
			<type>plain</type>
			<uuidstructure>9e002781-2e20-11e6-9187-79ccfd198777</uuidstructure>
			<uuidresource>9e002782-2e20-11e6-9187-79ccfd198777</uuidresource>
			<datecreated>Thu, 09 Jun 2016 09:00:30 GMT</datecreated>
			<flags>0</flags>
			<properties/>
			<relations/>
			<accesscontrol/>
		</file>
		<file>
			<destination>system/workplace/locales/es/messages/org/opencms/main</destination>
			<type>folder</type>
			<uuidstructure>9dfb939a-2e20-11e6-9187-79ccfd198777</uuidstructure>
			<datecreated>Thu, 09 Jun 2016 09:00:30 GMT</datecreated>
			<flags>0</flags>
			<properties/>
			<relations/>
			<accesscontrol/>
		</file>
		<file>
			<source>system/workplace/locales/es/messages/org/opencms/main/messages_es.properties</source>
			<destination>system/workplace/locales/es/messages/org/opencms/main/messages_es.properties</destination>
			<type>plain</type>
			<uuidstructure>9dfd1a3c-2e20-11e6-9187-79ccfd198777</uuidstructure>
			<uuidresource>9dfd1a3d-2e20-11e6-9187-79ccfd198777</uuidresource>
			<datecreated>Thu, 09 Jun 2016 09:00:30 GMT</datecreated>
			<flags>0</flags>
			<properties/>
			<relations/>
			<accesscontrol/>
		</file>
		<file>
			<destination>system/workplace/locales/es/messages/org/opencms/module</destination>
			<type>folder</type>
			<uuidstructure>9df85f45-2e20-11e6-9187-79ccfd198777</uuidstructure>
			<datecreated>Thu, 09 Jun 2016 09:00:30 GMT</datecreated>
			<flags>0</flags>
			<properties/>
			<relations/>
			<accesscontrol/>
		</file>
		<file>
			<source>system/workplace/locales/es/messages/org/opencms/module/messages_es.properties</source>
			<destination>system/workplace/locales/es/messages/org/opencms/module/messages_es.properties</destination>
			<type>plain</type>
			<uuidstructure>9df9bed7-2e20-11e6-9187-79ccfd198777</uuidstructure>
			<uuidresource>9df9bed8-2e20-11e6-9187-79ccfd198777</uuidresource>
			<datecreated>Thu, 09 Jun 2016 09:00:30 GMT</datecreated>
			<flags>0</flags>
			<properties/>
			<relations/>
			<accesscontrol/>
		</file>
		<file>
			<destination>system/workplace/locales/es/messages/org/opencms/monitor</destination>
			<type>folder</type>
			<uuidstructure>9df55200-2e20-11e6-9187-79ccfd198777</uuidstructure>
			<datecreated>Thu, 09 Jun 2016 09:00:30 GMT</datecreated>
			<flags>0</flags>
			<properties/>
			<relations/>
			<accesscontrol/>
		</file>
		<file>
			<source>system/workplace/locales/es/messages/org/opencms/monitor/messages_es.properties</source>
			<destination>system/workplace/locales/es/messages/org/opencms/monitor/messages_es.properties</destination>
			<type>plain</type>
			<uuidstructure>9df6d8a2-2e20-11e6-9187-79ccfd198777</uuidstructure>
			<uuidresource>9df6d8a3-2e20-11e6-9187-79ccfd198777</uuidresource>
			<datecreated>Thu, 09 Jun 2016 09:00:30 GMT</datecreated>
			<flags>0</flags>
			<properties/>
			<relations/>
			<accesscontrol/>
		</file>
		<file>
			<destination>system/workplace/locales/es/messages/org/opencms/notification</destination>
			<type>folder</type>
			<uuidstructure>9df26bcb-2e20-11e6-9187-79ccfd198777</uuidstructure>
			<datecreated>Thu, 09 Jun 2016 09:00:30 GMT</datecreated>
			<flags>0</flags>
			<properties/>
			<relations/>
			<accesscontrol/>
		</file>
		<file>
			<source>system/workplace/locales/es/messages/org/opencms/notification/messages_es.properties</source>
			<destination>system/workplace/locales/es/messages/org/opencms/notification/messages_es.properties</destination>
			<type>plain</type>
			<uuidstructure>9df3cb5d-2e20-11e6-9187-79ccfd198777</uuidstructure>
			<uuidresource>9df3cb5e-2e20-11e6-9187-79ccfd198777</uuidresource>
			<datecreated>Thu, 09 Jun 2016 09:00:30 GMT</datecreated>
			<flags>0</flags>
			<properties/>
			<relations/>
			<accesscontrol/>
		</file>
		<file>
			<destination>system/workplace/locales/es/messages/org/opencms/publish</destination>
			<type>folder</type>
			<uuidstructure>9def3776-2e20-11e6-9187-79ccfd198777</uuidstructure>
			<datecreated>Thu, 09 Jun 2016 09:00:30 GMT</datecreated>
			<flags>0</flags>
			<properties/>
			<relations/>
			<accesscontrol/>
		</file>
		<file>
			<source>system/workplace/locales/es/messages/org/opencms/publish/messages_es.properties</source>
			<destination>system/workplace/locales/es/messages/org/opencms/publish/messages_es.properties</destination>
			<type>plain</type>
			<uuidstructure>9df10c38-2e20-11e6-9187-79ccfd198777</uuidstructure>
			<uuidresource>9df10c39-2e20-11e6-9187-79ccfd198777</uuidresource>
			<datecreated>Thu, 09 Jun 2016 09:00:30 GMT</datecreated>
			<flags>0</flags>
			<properties/>
			<relations/>
			<accesscontrol/>
		</file>
		<file>
			<destination>system/workplace/locales/es/messages/org/opencms/relations</destination>
			<type>folder</type>
			<uuidstructure>9dec5141-2e20-11e6-9187-79ccfd198777</uuidstructure>
			<datecreated>Thu, 09 Jun 2016 09:00:30 GMT</datecreated>
			<flags>0</flags>
			<properties/>
			<relations/>
			<accesscontrol/>
		</file>
		<file>
			<source>system/workplace/locales/es/messages/org/opencms/relations/messages_es.properties</source>
			<destination>system/workplace/locales/es/messages/org/opencms/relations/messages_es.properties</destination>
			<type>plain</type>
			<uuidstructure>9dedb0d3-2e20-11e6-9187-79ccfd198777</uuidstructure>
			<uuidresource>9dedb0d4-2e20-11e6-9187-79ccfd198777</uuidresource>
			<datecreated>Thu, 09 Jun 2016 09:00:30 GMT</datecreated>
			<flags>0</flags>
			<properties/>
			<relations/>
			<accesscontrol/>
		</file>
		<file>
			<destination>system/workplace/locales/es/messages/org/opencms/report</destination>
			<type>folder</type>
			<uuidstructure>9de9921c-2e20-11e6-9187-79ccfd198777</uuidstructure>
			<datecreated>Thu, 09 Jun 2016 09:00:30 GMT</datecreated>
			<flags>0</flags>
			<properties/>
			<relations/>
			<accesscontrol/>
		</file>
		<file>
			<source>system/workplace/locales/es/messages/org/opencms/report/messages_es.properties</source>
			<destination>system/workplace/locales/es/messages/org/opencms/report/messages_es.properties</destination>
			<type>plain</type>
			<uuidstructure>9deaf1ae-2e20-11e6-9187-79ccfd198777</uuidstructure>
			<uuidresource>9deaf1af-2e20-11e6-9187-79ccfd198777</uuidresource>
			<datecreated>Thu, 09 Jun 2016 09:00:30 GMT</datecreated>
			<flags>0</flags>
			<properties/>
			<relations/>
			<accesscontrol/>
		</file>
		<file>
			<destination>system/workplace/locales/es/messages/org/opencms/scheduler</destination>
			<type>folder</type>
			<uuidstructure>9de6fa07-2e20-11e6-9187-79ccfd198777</uuidstructure>
			<datecreated>Thu, 09 Jun 2016 09:00:30 GMT</datecreated>
			<flags>0</flags>
			<properties/>
			<relations/>
			<accesscontrol/>
		</file>
		<file>
			<source>system/workplace/locales/es/messages/org/opencms/scheduler/messages_es.properties</source>
			<destination>system/workplace/locales/es/messages/org/opencms/scheduler/messages_es.properties</destination>
			<type>plain</type>
			<uuidstructure>9de85999-2e20-11e6-9187-79ccfd198777</uuidstructure>
			<uuidresource>9de8599a-2e20-11e6-9187-79ccfd198777</uuidresource>
			<datecreated>Thu, 09 Jun 2016 09:00:30 GMT</datecreated>
			<flags>0</flags>
			<properties/>
			<relations/>
			<accesscontrol/>
		</file>
		<file>
			<destination>system/workplace/locales/es/messages/org/opencms/scheduler/jobs</destination>
			<type>folder</type>
			<uuidstructure>9e5a2df1-2e20-11e6-9187-79ccfd198777</uuidstructure>
			<datecreated>Thu, 09 Jun 2016 09:00:31 GMT</datecreated>
			<flags>0</flags>
			<properties/>
			<relations/>
			<accesscontrol/>
		</file>
		<file>
			<source>system/workplace/locales/es/messages/org/opencms/scheduler/jobs/messages_es.properties</source>
			<destination>system/workplace/locales/es/messages/org/opencms/scheduler/jobs/messages_es.properties</destination>
			<type>plain</type>
			<uuidstructure>9e5b3f63-2e20-11e6-9187-79ccfd198777</uuidstructure>
			<uuidresource>9e5b3f64-2e20-11e6-9187-79ccfd198777</uuidresource>
			<datecreated>Thu, 09 Jun 2016 09:00:31 GMT</datecreated>
			<flags>0</flags>
			<properties/>
			<relations/>
			<accesscontrol/>
		</file>
		<file>
			<destination>system/workplace/locales/es/messages/org/opencms/search</destination>
			<type>folder</type>
			<uuidstructure>9de43ae2-2e20-11e6-9187-79ccfd198777</uuidstructure>
			<datecreated>Thu, 09 Jun 2016 09:00:30 GMT</datecreated>
			<flags>0</flags>
			<properties/>
			<relations/>
			<accesscontrol/>
		</file>
		<file>
			<source>system/workplace/locales/es/messages/org/opencms/search/messages_es.properties</source>
			<destination>system/workplace/locales/es/messages/org/opencms/search/messages_es.properties</destination>
			<type>plain</type>
			<uuidstructure>9de59a74-2e20-11e6-9187-79ccfd198777</uuidstructure>
			<uuidresource>9de59a75-2e20-11e6-9187-79ccfd198777</uuidresource>
			<datecreated>Thu, 09 Jun 2016 09:00:30 GMT</datecreated>
			<flags>0</flags>
			<properties/>
			<relations/>
			<accesscontrol/>
		</file>
		<file>
			<destination>system/workplace/locales/es/messages/org/opencms/search/documents</destination>
			<type>folder</type>
			<uuidstructure>9e5747bc-2e20-11e6-9187-79ccfd198777</uuidstructure>
			<datecreated>Thu, 09 Jun 2016 09:00:31 GMT</datecreated>
			<flags>0</flags>
			<properties/>
			<relations/>
			<accesscontrol/>
		</file>
		<file>
			<source>system/workplace/locales/es/messages/org/opencms/search/documents/messages_es.properties</source>
			<destination>system/workplace/locales/es/messages/org/opencms/search/documents/messages_es.properties</destination>
			<type>plain</type>
			<uuidstructure>9e58a74e-2e20-11e6-9187-79ccfd198777</uuidstructure>
			<uuidresource>9e58a74f-2e20-11e6-9187-79ccfd198777</uuidresource>
			<datecreated>Thu, 09 Jun 2016 09:00:31 GMT</datecreated>
			<flags>0</flags>
			<properties/>
			<relations/>
			<accesscontrol/>
		</file>
		<file>
			<destination>system/workplace/locales/es/messages/org/opencms/security</destination>
			<type>folder</type>
			<uuidstructure>9de1c9dd-2e20-11e6-9187-79ccfd198777</uuidstructure>
			<datecreated>Thu, 09 Jun 2016 09:00:30 GMT</datecreated>
			<flags>0</flags>
			<properties/>
			<relations/>
			<accesscontrol/>
		</file>
		<file>
			<source>system/workplace/locales/es/messages/org/opencms/security/messages_es.properties</source>
			<destination>system/workplace/locales/es/messages/org/opencms/security/messages_es.properties</destination>
			<type>plain</type>
			<uuidstructure>9de2db4f-2e20-11e6-9187-79ccfd198777</uuidstructure>
			<uuidresource>9de2db50-2e20-11e6-9187-79ccfd198777</uuidresource>
			<datecreated>Thu, 09 Jun 2016 09:00:30 GMT</datecreated>
			<flags>0</flags>
			<properties/>
			<relations/>
			<accesscontrol/>
		</file>
		<file>
			<destination>system/workplace/locales/es/messages/org/opencms/setup</destination>
			<type>folder</type>
			<uuidstructure>9dddd235-2e20-11e6-9187-79ccfd198777</uuidstructure>
			<datecreated>Thu, 09 Jun 2016 09:00:30 GMT</datecreated>
			<flags>0</flags>
			<properties/>
			<relations/>
			<accesscontrol/>
		</file>
		<file>
			<source>system/workplace/locales/es/messages/org/opencms/setup/htmlmsg.properties</source>
			<destination>system/workplace/locales/es/messages/org/opencms/setup/htmlmsg.properties</destination>
			<type>plain</type>
			<uuidstructure>9de06a4a-2e20-11e6-9187-79ccfd198777</uuidstructure>
			<uuidresource>9de06a4b-2e20-11e6-9187-79ccfd198777</uuidresource>
			<datecreated>Thu, 09 Jun 2016 09:00:30 GMT</datecreated>
			<flags>0</flags>
			<properties/>
			<relations/>
			<accesscontrol/>
		</file>
		<file>
			<source>system/workplace/locales/es/messages/org/opencms/setup/messages_es.properties</source>
			<destination>system/workplace/locales/es/messages/org/opencms/setup/messages_es.properties</destination>
			<type>plain</type>
			<uuidstructure>9ddf0ab7-2e20-11e6-9187-79ccfd198777</uuidstructure>
			<uuidresource>9ddf0ab8-2e20-11e6-9187-79ccfd198777</uuidresource>
			<datecreated>Thu, 09 Jun 2016 09:00:30 GMT</datecreated>
			<flags>0</flags>
			<properties/>
			<relations/>
			<accesscontrol/>
		</file>
		<file>
			<destination>system/workplace/locales/es/messages/org/opencms/setup/xml</destination>
			<type>folder</type>
			<uuidstructure>9e54d6b7-2e20-11e6-9187-79ccfd198777</uuidstructure>
			<datecreated>Thu, 09 Jun 2016 09:00:31 GMT</datecreated>
			<flags>0</flags>
			<properties/>
			<relations/>
			<accesscontrol/>
		</file>
		<file>
			<source>system/workplace/locales/es/messages/org/opencms/setup/xml/messages_es.properties</source>
			<destination>system/workplace/locales/es/messages/org/opencms/setup/xml/messages_es.properties</destination>
			<type>plain</type>
			<uuidstructure>9e560f39-2e20-11e6-9187-79ccfd198777</uuidstructure>
			<uuidresource>9e560f3a-2e20-11e6-9187-79ccfd198777</uuidresource>
			<datecreated>Thu, 09 Jun 2016 09:00:31 GMT</datecreated>
			<flags>0</flags>
			<properties/>
			<relations/>
			<accesscontrol/>
		</file>
		<file>
			<destination>system/workplace/locales/es/messages/org/opencms/site</destination>
			<type>folder</type>
			<uuidstructure>9ddb1310-2e20-11e6-9187-79ccfd198777</uuidstructure>
			<datecreated>Thu, 09 Jun 2016 09:00:30 GMT</datecreated>
			<flags>0</flags>
			<properties/>
			<relations/>
			<accesscontrol/>
		</file>
		<file>
			<source>system/workplace/locales/es/messages/org/opencms/site/messages_es.properties</source>
			<destination>system/workplace/locales/es/messages/org/opencms/site/messages_es.properties</destination>
			<type>plain</type>
			<uuidstructure>9ddc72a2-2e20-11e6-9187-79ccfd198777</uuidstructure>
			<uuidresource>9ddc72a3-2e20-11e6-9187-79ccfd198777</uuidresource>
			<datecreated>Thu, 09 Jun 2016 09:00:30 GMT</datecreated>
			<flags>0</flags>
			<properties/>
			<relations/>
			<accesscontrol/>
		</file>
		<file>
			<destination>system/workplace/locales/es/messages/org/opencms/staticexport</destination>
			<type>folder</type>
			<uuidstructure>9dd8a20b-2e20-11e6-9187-79ccfd198777</uuidstructure>
			<datecreated>Thu, 09 Jun 2016 09:00:30 GMT</datecreated>
			<flags>0</flags>
			<properties/>
			<relations/>
			<accesscontrol/>
		</file>
		<file>
			<source>system/workplace/locales/es/messages/org/opencms/staticexport/messages_es.properties</source>
			<destination>system/workplace/locales/es/messages/org/opencms/staticexport/messages_es.properties</destination>
			<type>plain</type>
			<uuidstructure>9dd9da8d-2e20-11e6-9187-79ccfd198777</uuidstructure>
			<uuidresource>9dd9da8e-2e20-11e6-9187-79ccfd198777</uuidresource>
			<datecreated>Thu, 09 Jun 2016 09:00:30 GMT</datecreated>
			<flags>0</flags>
			<properties/>
			<relations/>
			<accesscontrol/>
		</file>
		<file>
			<destination>system/workplace/locales/es/messages/org/opencms/synchronize</destination>
			<type>folder</type>
			<uuidstructure>9dd609f6-2e20-11e6-9187-79ccfd198777</uuidstructure>
			<datecreated>Thu, 09 Jun 2016 09:00:30 GMT</datecreated>
			<flags>0</flags>
			<properties/>
			<relations/>
			<accesscontrol/>
		</file>
		<file>
			<source>system/workplace/locales/es/messages/org/opencms/synchronize/messages_es.properties</source>
			<destination>system/workplace/locales/es/messages/org/opencms/synchronize/messages_es.properties</destination>
			<type>plain</type>
			<uuidstructure>9dd74278-2e20-11e6-9187-79ccfd198777</uuidstructure>
			<uuidresource>9dd74279-2e20-11e6-9187-79ccfd198777</uuidresource>
			<datecreated>Thu, 09 Jun 2016 09:00:30 GMT</datecreated>
			<flags>0</flags>
			<properties/>
			<relations/>
			<accesscontrol/>
		</file>
		<file>
			<destination>system/workplace/locales/es/messages/org/opencms/util</destination>
			<type>folder</type>
			<uuidstructure>9dd2fcb1-2e20-11e6-9187-79ccfd198777</uuidstructure>
			<datecreated>Thu, 09 Jun 2016 09:00:30 GMT</datecreated>
			<flags>0</flags>
			<properties/>
			<relations/>
			<accesscontrol/>
		</file>
		<file>
			<source>system/workplace/locales/es/messages/org/opencms/util/messages_es.properties</source>
			<destination>system/workplace/locales/es/messages/org/opencms/util/messages_es.properties</destination>
			<type>plain</type>
			<uuidstructure>9dd4aa63-2e20-11e6-9187-79ccfd198777</uuidstructure>
			<uuidresource>9dd4aa64-2e20-11e6-9187-79ccfd198777</uuidresource>
			<datecreated>Thu, 09 Jun 2016 09:00:30 GMT</datecreated>
			<flags>0</flags>
			<properties/>
			<relations/>
			<accesscontrol/>
		</file>
		<file>
			<destination>system/workplace/locales/es/messages/org/opencms/widgets</destination>
			<type>folder</type>
			<uuidstructure>9dcfc85c-2e20-11e6-9187-79ccfd198777</uuidstructure>
			<datecreated>Thu, 09 Jun 2016 09:00:30 GMT</datecreated>
			<flags>0</flags>
			<properties/>
			<relations/>
			<accesscontrol/>
		</file>
		<file>
			<source>system/workplace/locales/es/messages/org/opencms/widgets/messages_es.properties</source>
			<destination>system/workplace/locales/es/messages/org/opencms/widgets/messages_es.properties</destination>
			<type>plain</type>
			<uuidstructure>9dd1760e-2e20-11e6-9187-79ccfd198777</uuidstructure>
			<uuidresource>9dd1760f-2e20-11e6-9187-79ccfd198777</uuidresource>
			<datecreated>Thu, 09 Jun 2016 09:00:30 GMT</datecreated>
			<flags>0</flags>
			<properties/>
			<relations/>
			<accesscontrol/>
		</file>
		<file>
			<destination>system/workplace/locales/es/messages/org/opencms/workplace</destination>
			<type>folder</type>
			<uuidstructure>9dcc9407-2e20-11e6-9187-79ccfd198777</uuidstructure>
			<datecreated>Thu, 09 Jun 2016 09:00:30 GMT</datecreated>
			<flags>0</flags>
			<properties/>
			<relations/>
			<accesscontrol/>
		</file>
		<file>
			<source>system/workplace/locales/es/messages/org/opencms/workplace/messages_es.properties</source>
			<destination>system/workplace/locales/es/messages/org/opencms/workplace/messages_es.properties</destination>
			<type>plain</type>
			<uuidstructure>9dce1aa9-2e20-11e6-9187-79ccfd198777</uuidstructure>
			<uuidresource>9dce1aaa-2e20-11e6-9187-79ccfd198777</uuidresource>
			<datecreated>Thu, 09 Jun 2016 09:00:30 GMT</datecreated>
			<flags>0</flags>
			<properties/>
			<relations/>
			<accesscontrol/>
		</file>
		<file>
			<destination>system/workplace/locales/es/messages/org/opencms/workplace/administration</destination>
			<type>folder</type>
			<uuidstructure>9e5265b2-2e20-11e6-9187-79ccfd198777</uuidstructure>
			<datecreated>Thu, 09 Jun 2016 09:00:31 GMT</datecreated>
			<flags>0</flags>
			<properties/>
			<relations/>
			<accesscontrol/>
		</file>
		<file>
			<source>system/workplace/locales/es/messages/org/opencms/workplace/administration/messages_es.properties</source>
			<destination>system/workplace/locales/es/messages/org/opencms/workplace/administration/messages_es.properties</destination>
			<type>plain</type>
			<uuidstructure>9e539e34-2e20-11e6-9187-79ccfd198777</uuidstructure>
			<uuidresource>9e539e35-2e20-11e6-9187-79ccfd198777</uuidresource>
			<datecreated>Thu, 09 Jun 2016 09:00:31 GMT</datecreated>
			<flags>0</flags>
			<properties/>
			<relations/>
			<accesscontrol/>
		</file>
		<file>
			<destination>system/workplace/locales/es/messages/org/opencms/workplace/commons</destination>
			<type>folder</type>
			<uuidstructure>9e4fa68d-2e20-11e6-9187-79ccfd198777</uuidstructure>
			<datecreated>Thu, 09 Jun 2016 09:00:31 GMT</datecreated>
			<flags>0</flags>
			<properties/>
			<relations/>
			<accesscontrol/>
		</file>
		<file>
			<source>system/workplace/locales/es/messages/org/opencms/workplace/commons/messages_es.properties</source>
			<destination>system/workplace/locales/es/messages/org/opencms/workplace/commons/messages_es.properties</destination>
			<type>plain</type>
			<uuidstructure>9e51061f-2e20-11e6-9187-79ccfd198777</uuidstructure>
			<uuidresource>9e510620-2e20-11e6-9187-79ccfd198777</uuidresource>
			<datecreated>Thu, 09 Jun 2016 09:00:31 GMT</datecreated>
			<flags>0</flags>
			<properties/>
			<relations/>
			<accesscontrol/>
		</file>
		<file>
			<destination>system/workplace/locales/es/messages/org/opencms/workplace/comparison</destination>
			<type>folder</type>
			<uuidstructure>9e4bfd08-2e20-11e6-9187-79ccfd198777</uuidstructure>
			<datecreated>Thu, 09 Jun 2016 09:00:31 GMT</datecreated>
			<flags>0</flags>
			<properties/>
			<relations/>
			<accesscontrol/>
		</file>
		<file>
			<source>system/workplace/locales/es/messages/org/opencms/workplace/comparison/messages_es.properties</source>
			<destination>system/workplace/locales/es/messages/org/opencms/workplace/comparison/messages_es.properties</destination>
			<type>plain</type>
			<uuidstructure>9e4df8da-2e20-11e6-9187-79ccfd198777</uuidstructure>
			<uuidresource>9e4df8db-2e20-11e6-9187-79ccfd198777</uuidresource>
			<datecreated>Thu, 09 Jun 2016 09:00:31 GMT</datecreated>
			<flags>0</flags>
			<properties/>
			<relations/>
			<accesscontrol/>
		</file>
		<file>
			<destination>system/workplace/locales/es/messages/org/opencms/workplace/demos</destination>
			<type>folder</type>
			<uuidstructure>9e4916d3-2e20-11e6-9187-79ccfd198777</uuidstructure>
			<datecreated>Thu, 09 Jun 2016 09:00:31 GMT</datecreated>
			<flags>0</flags>
			<properties/>
			<relations/>
			<accesscontrol/>
		</file>
		<file>
			<source>system/workplace/locales/es/messages/org/opencms/workplace/demos/messages_es.properties</source>
			<destination>system/workplace/locales/es/messages/org/opencms/workplace/demos/messages_es.properties</destination>
			<type>plain</type>
			<uuidstructure>9e4a4f55-2e20-11e6-9187-79ccfd198777</uuidstructure>
			<uuidresource>9e4a4f56-2e20-11e6-9187-79ccfd198777</uuidresource>
			<datecreated>Thu, 09 Jun 2016 09:00:31 GMT</datecreated>
			<flags>0</flags>
			<properties/>
			<relations/>
			<accesscontrol/>
		</file>
		<file>
			<destination>system/workplace/locales/es/messages/org/opencms/workplace/demos/list</destination>
			<type>folder</type>
			<uuidstructure>9ed725df-2e20-11e6-9187-79ccfd198777</uuidstructure>
			<datecreated>Thu, 09 Jun 2016 09:00:32 GMT</datecreated>
			<flags>0</flags>
			<properties/>
			<relations/>
			<accesscontrol/>
		</file>
		<file>
			<source>system/workplace/locales/es/messages/org/opencms/workplace/demos/list/messages_es.properties</source>
			<destination>system/workplace/locales/es/messages/org/opencms/workplace/demos/list/messages_es.properties</destination>
			<type>plain</type>
			<uuidstructure>9ed88571-2e20-11e6-9187-79ccfd198777</uuidstructure>
			<uuidresource>9ed88572-2e20-11e6-9187-79ccfd198777</uuidresource>
			<datecreated>Thu, 09 Jun 2016 09:00:32 GMT</datecreated>
			<flags>0</flags>
			<properties/>
			<relations/>
			<accesscontrol/>
		</file>
		<file>
			<destination>system/workplace/locales/es/messages/org/opencms/workplace/demos/widget</destination>
			<type>folder</type>
			<uuidstructure>9ed3f18a-2e20-11e6-9187-79ccfd198777</uuidstructure>
			<datecreated>Thu, 09 Jun 2016 09:00:31 GMT</datecreated>
			<flags>0</flags>
			<properties/>
			<relations/>
			<accesscontrol/>
		</file>
		<file>
			<source>system/workplace/locales/es/messages/org/opencms/workplace/demos/widget/messages_es.properties</source>
			<destination>system/workplace/locales/es/messages/org/opencms/workplace/demos/widget/messages_es.properties</destination>
			<type>plain</type>
			<uuidstructure>9ed5511c-2e20-11e6-9187-79ccfd198777</uuidstructure>
			<uuidresource>9ed5511d-2e20-11e6-9187-79ccfd198777</uuidresource>
			<datecreated>Thu, 09 Jun 2016 09:00:32 GMT</datecreated>
			<flags>0</flags>
			<properties/>
			<relations/>
			<accesscontrol/>
		</file>
		<file>
			<destination>system/workplace/locales/es/messages/org/opencms/workplace/editors</destination>
			<type>folder</type>
			<uuidstructure>9e4657ae-2e20-11e6-9187-79ccfd198777</uuidstructure>
			<datecreated>Thu, 09 Jun 2016 09:00:31 GMT</datecreated>
			<flags>0</flags>
			<properties/>
			<relations/>
			<accesscontrol/>
		</file>
		<file>
			<source>system/workplace/locales/es/messages/org/opencms/workplace/editors/messages_es.properties</source>
			<destination>system/workplace/locales/es/messages/org/opencms/workplace/editors/messages_es.properties</destination>
			<type>plain</type>
			<uuidstructure>9e479030-2e20-11e6-9187-79ccfd198777</uuidstructure>
			<uuidresource>9e479031-2e20-11e6-9187-79ccfd198777</uuidresource>
			<datecreated>Thu, 09 Jun 2016 09:00:31 GMT</datecreated>
			<flags>0</flags>
			<properties/>
			<relations/>
			<accesscontrol/>
		</file>
		<file>
			<destination>system/workplace/locales/es/messages/org/opencms/workplace/editors/fckeditor</destination>
			<type>folder</type>
			<uuidstructure>9ed13265-2e20-11e6-9187-79ccfd198777</uuidstructure>
			<datecreated>Thu, 09 Jun 2016 09:00:31 GMT</datecreated>
			<flags>0</flags>
			<properties/>
			<relations/>
			<accesscontrol/>
		</file>
		<file>
			<source>system/workplace/locales/es/messages/org/opencms/workplace/editors/fckeditor/messages_es.properties</source>
			<destination>system/workplace/locales/es/messages/org/opencms/workplace/editors/fckeditor/messages_es.properties</destination>
			<type>plain</type>
			<uuidstructure>9ed291f7-2e20-11e6-9187-79ccfd198777</uuidstructure>
			<uuidresource>9ed291f8-2e20-11e6-9187-79ccfd198777</uuidresource>
			<datecreated>Thu, 09 Jun 2016 09:00:31 GMT</datecreated>
			<flags>0</flags>
			<properties/>
			<relations/>
			<accesscontrol/>
		</file>
		<file>
			<destination>system/workplace/locales/es/messages/org/opencms/workplace/explorer</destination>
			<type>folder</type>
			<uuidstructure>9e432359-2e20-11e6-9187-79ccfd198777</uuidstructure>
			<datecreated>Thu, 09 Jun 2016 09:00:31 GMT</datecreated>
			<flags>0</flags>
			<properties/>
			<relations/>
			<accesscontrol/>
		</file>
		<file>
			<source>system/workplace/locales/es/messages/org/opencms/workplace/explorer/messages_es.properties</source>
			<destination>system/workplace/locales/es/messages/org/opencms/workplace/explorer/messages_es.properties</destination>
			<type>plain</type>
			<uuidstructure>9e44d10b-2e20-11e6-9187-79ccfd198777</uuidstructure>
			<uuidresource>9e44d10c-2e20-11e6-9187-79ccfd198777</uuidresource>
			<datecreated>Thu, 09 Jun 2016 09:00:31 GMT</datecreated>
			<flags>0</flags>
			<properties/>
			<relations/>
			<accesscontrol/>
		</file>
		<file>
			<destination>system/workplace/locales/es/messages/org/opencms/workplace/explorer/menu</destination>
			<type>folder</type>
			<uuidstructure>9ece2520-2e20-11e6-9187-79ccfd198777</uuidstructure>
			<datecreated>Thu, 09 Jun 2016 09:00:31 GMT</datecreated>
			<flags>0</flags>
			<properties/>
			<relations/>
			<accesscontrol/>
		</file>
		<file>
			<source>system/workplace/locales/es/messages/org/opencms/workplace/explorer/menu/messages_es.properties</source>
			<destination>system/workplace/locales/es/messages/org/opencms/workplace/explorer/menu/messages_es.properties</destination>
			<type>plain</type>
			<uuidstructure>9ecfd2d2-2e20-11e6-9187-79ccfd198777</uuidstructure>
			<uuidresource>9ecfd2d3-2e20-11e6-9187-79ccfd198777</uuidresource>
			<datecreated>Thu, 09 Jun 2016 09:00:31 GMT</datecreated>
			<flags>0</flags>
			<properties/>
			<relations/>
			<accesscontrol/>
		</file>
		<file>
			<destination>system/workplace/locales/es/messages/org/opencms/workplace/galleries</destination>
			<type>folder</type>
			<uuidstructure>9e3fc7f4-2e20-11e6-9187-79ccfd198777</uuidstructure>
			<datecreated>Thu, 09 Jun 2016 09:00:31 GMT</datecreated>
			<flags>0</flags>
			<properties/>
			<relations/>
			<accesscontrol/>
		</file>
		<file>
			<source>system/workplace/locales/es/messages/org/opencms/workplace/galleries/messages_es.properties</source>
			<destination>system/workplace/locales/es/messages/org/opencms/workplace/galleries/messages_es.properties</destination>
			<type>plain</type>
			<uuidstructure>9e419cb6-2e20-11e6-9187-79ccfd198777</uuidstructure>
			<uuidresource>9e419cb7-2e20-11e6-9187-79ccfd198777</uuidresource>
			<datecreated>Thu, 09 Jun 2016 09:00:31 GMT</datecreated>
			<flags>0</flags>
			<properties/>
			<relations/>
			<accesscontrol/>
		</file>
		<file>
			<destination>system/workplace/locales/es/messages/org/opencms/workplace/help</destination>
			<type>folder</type>
			<uuidstructure>9e3cbaaf-2e20-11e6-9187-79ccfd198777</uuidstructure>
			<datecreated>Thu, 09 Jun 2016 09:00:31 GMT</datecreated>
			<flags>0</flags>
			<properties/>
			<relations/>
			<accesscontrol/>
		</file>
		<file>
			<source>system/workplace/locales/es/messages/org/opencms/workplace/help/messages_es.properties</source>
			<destination>system/workplace/locales/es/messages/org/opencms/workplace/help/messages_es.properties</destination>
			<type>plain</type>
			<uuidstructure>9e3e4151-2e20-11e6-9187-79ccfd198777</uuidstructure>
			<uuidresource>9e3e4152-2e20-11e6-9187-79ccfd198777</uuidresource>
			<datecreated>Thu, 09 Jun 2016 09:00:31 GMT</datecreated>
			<flags>0</flags>
			<properties/>
			<relations/>
			<accesscontrol/>
		</file>
		<file>
			<destination>system/workplace/locales/es/messages/org/opencms/workplace/list</destination>
			<type>folder</type>
			<uuidstructure>9e39383a-2e20-11e6-9187-79ccfd198777</uuidstructure>
			<datecreated>Thu, 09 Jun 2016 09:00:30 GMT</datecreated>
			<flags>0</flags>
			<properties/>
			<relations/>
			<accesscontrol/>
		</file>
		<file>
			<source>system/workplace/locales/es/messages/org/opencms/workplace/list/messages_es.properties</source>
			<destination>system/workplace/locales/es/messages/org/opencms/workplace/list/messages_es.properties</destination>
			<type>plain</type>
			<uuidstructure>9e3ae5ec-2e20-11e6-9187-79ccfd198777</uuidstructure>
			<uuidresource>9e3ae5ed-2e20-11e6-9187-79ccfd198777</uuidresource>
			<datecreated>Thu, 09 Jun 2016 09:00:30 GMT</datecreated>
			<flags>0</flags>
			<properties/>
			<relations/>
			<accesscontrol/>
		</file>
		<file>
			<destination>system/workplace/locales/es/messages/org/opencms/workplace/search</destination>
			<type>folder</type>
			<uuidstructure>9e35dcd5-2e20-11e6-9187-79ccfd198777</uuidstructure>
			<datecreated>Thu, 09 Jun 2016 09:00:30 GMT</datecreated>
			<flags>0</flags>
			<properties/>
			<relations/>
			<accesscontrol/>
		</file>
		<file>
			<source>system/workplace/locales/es/messages/org/opencms/workplace/search/messages_es.properties</source>
			<destination>system/workplace/locales/es/messages/org/opencms/workplace/search/messages_es.properties</destination>
			<type>plain</type>
			<uuidstructure>9e376377-2e20-11e6-9187-79ccfd198777</uuidstructure>
			<uuidresource>9e376378-2e20-11e6-9187-79ccfd198777</uuidresource>
			<datecreated>Thu, 09 Jun 2016 09:00:30 GMT</datecreated>
			<flags>0</flags>
			<properties/>
			<relations/>
			<accesscontrol/>
		</file>
		<file>
			<destination>system/workplace/locales/es/messages/org/opencms/workplace/threads</destination>
			<type>folder</type>
			<uuidstructure>9e32cf90-2e20-11e6-9187-79ccfd198777</uuidstructure>
			<datecreated>Thu, 09 Jun 2016 09:00:30 GMT</datecreated>
			<flags>0</flags>
			<properties/>
			<relations/>
			<accesscontrol/>
		</file>
		<file>
			<source>system/workplace/locales/es/messages/org/opencms/workplace/threads/messages_es.properties</source>
			<destination>system/workplace/locales/es/messages/org/opencms/workplace/threads/messages_es.properties</destination>
			<type>plain</type>
			<uuidstructure>9e345632-2e20-11e6-9187-79ccfd198777</uuidstructure>
			<uuidresource>9e345633-2e20-11e6-9187-79ccfd198777</uuidresource>
			<datecreated>Thu, 09 Jun 2016 09:00:30 GMT</datecreated>
			<flags>0</flags>
			<properties/>
			<relations/>
			<accesscontrol/>
		</file>
		<file>
			<destination>system/workplace/locales/es/messages/org/opencms/workplace/tools</destination>
			<type>folder</type>
			<uuidstructure>9e2fc24b-2e20-11e6-9187-79ccfd198777</uuidstructure>
			<datecreated>Thu, 09 Jun 2016 09:00:30 GMT</datecreated>
			<flags>0</flags>
			<properties/>
			<relations/>
			<accesscontrol/>
		</file>
		<file>
			<source>system/workplace/locales/es/messages/org/opencms/workplace/tools/messages_es.properties</source>
			<destination>system/workplace/locales/es/messages/org/opencms/workplace/tools/messages_es.properties</destination>
			<type>plain</type>
			<uuidstructure>9e3148ed-2e20-11e6-9187-79ccfd198777</uuidstructure>
			<uuidresource>9e3148ee-2e20-11e6-9187-79ccfd198777</uuidresource>
			<datecreated>Thu, 09 Jun 2016 09:00:30 GMT</datecreated>
			<flags>0</flags>
			<properties/>
			<relations/>
			<accesscontrol/>
		</file>
		<file>
			<destination>system/workplace/locales/es/messages/org/opencms/workplace/tools/accounts</destination>
			<type>folder</type>
			<uuidstructure>9ec60ec6-2e20-11e6-9187-79ccfd198777</uuidstructure>
			<datecreated>Thu, 09 Jun 2016 09:00:31 GMT</datecreated>
			<flags>0</flags>
			<properties/>
			<relations/>
			<accesscontrol/>
		</file>
		<file>
			<source>system/workplace/locales/es/messages/org/opencms/workplace/tools/accounts/messages_es.properties</source>
			<destination>system/workplace/locales/es/messages/org/opencms/workplace/tools/accounts/messages_es.properties</destination>
			<type>plain</type>
			<uuidstructure>9ec76e58-2e20-11e6-9187-79ccfd198777</uuidstructure>
			<uuidresource>9ec76e59-2e20-11e6-9187-79ccfd198777</uuidresource>
			<datecreated>Thu, 09 Jun 2016 09:00:31 GMT</datecreated>
			<flags>0</flags>
			<properties/>
			<relations/>
			<accesscontrol/>
		</file>
		<file>
			<destination>system/workplace/locales/es/messages/org/opencms/workplace/tools/cache</destination>
			<type>folder</type>
			<uuidstructure>9ec2171e-2e20-11e6-9187-79ccfd198777</uuidstructure>
			<datecreated>Thu, 09 Jun 2016 09:00:31 GMT</datecreated>
			<flags>0</flags>
			<properties/>
			<relations/>
			<accesscontrol/>
		</file>
		<file>
			<source>system/workplace/locales/es/messages/org/opencms/workplace/tools/cache/messages_es.properties</source>
			<destination>system/workplace/locales/es/messages/org/opencms/workplace/tools/cache/messages_es.properties</destination>
			<type>plain</type>
			<uuidstructure>9ec376b0-2e20-11e6-9187-79ccfd198777</uuidstructure>
			<uuidresource>9ec376b1-2e20-11e6-9187-79ccfd198777</uuidresource>
			<datecreated>Thu, 09 Jun 2016 09:00:31 GMT</datecreated>
			<flags>0</flags>
			<properties/>
			<relations/>
			<accesscontrol/>
		</file>
		<file>
			<source>system/workplace/locales/es/messages/org/opencms/workplace/tools/cache/workplace_es.properties</source>
			<destination>system/workplace/locales/es/messages/org/opencms/workplace/tools/cache/workplace_es.properties</destination>
			<type>plain</type>
			<uuidstructure>9ec4d643-2e20-11e6-9187-79ccfd198777</uuidstructure>
			<uuidresource>9ec4d644-2e20-11e6-9187-79ccfd198777</uuidresource>
			<datecreated>Thu, 09 Jun 2016 09:00:31 GMT</datecreated>
			<flags>0</flags>
			<properties/>
			<relations/>
			<accesscontrol/>
		</file>
		<file>
			<destination>system/workplace/locales/es/messages/org/opencms/workplace/tools/content</destination>
			<type>folder</type>
			<uuidstructure>9ebf09d9-2e20-11e6-9187-79ccfd198777</uuidstructure>
			<datecreated>Thu, 09 Jun 2016 09:00:31 GMT</datecreated>
			<flags>0</flags>
			<properties/>
			<relations/>
			<accesscontrol/>
		</file>
		<file>
			<source>system/workplace/locales/es/messages/org/opencms/workplace/tools/content/messages_es.properties</source>
			<destination>system/workplace/locales/es/messages/org/opencms/workplace/tools/content/messages_es.properties</destination>
			<type>plain</type>
			<uuidstructure>9ec0b78b-2e20-11e6-9187-79ccfd198777</uuidstructure>
			<uuidresource>9ec0b78c-2e20-11e6-9187-79ccfd198777</uuidresource>
			<datecreated>Thu, 09 Jun 2016 09:00:31 GMT</datecreated>
			<flags>0</flags>
			<properties/>
			<relations/>
			<accesscontrol/>
		</file>
		<file>
			<destination>system/workplace/locales/es/messages/org/opencms/workplace/tools/content/check</destination>
			<type>folder</type>
			<uuidstructure>9ee4ba88-2e20-11e6-9187-79ccfd198777</uuidstructure>
			<datecreated>Thu, 09 Jun 2016 09:00:32 GMT</datecreated>
			<flags>0</flags>
			<properties/>
			<relations/>
			<accesscontrol/>
		</file>
		<file>
			<source>system/workplace/locales/es/messages/org/opencms/workplace/tools/content/check/messages_es.properties</source>
			<destination>system/workplace/locales/es/messages/org/opencms/workplace/tools/content/check/messages_es.properties</destination>
			<type>plain</type>
			<uuidstructure>9ee6412a-2e20-11e6-9187-79ccfd198777</uuidstructure>
			<uuidresource>9ee6412b-2e20-11e6-9187-79ccfd198777</uuidresource>
			<datecreated>Thu, 09 Jun 2016 09:00:32 GMT</datecreated>
			<flags>0</flags>
			<properties/>
			<relations/>
			<accesscontrol/>
		</file>
		<file>
			<destination>system/workplace/locales/es/messages/org/opencms/workplace/tools/content/check/accounts</destination>
			<type>folder</type>
			<uuidstructure>9ee7eedd-2e20-11e6-9187-79ccfd198777</uuidstructure>
			<datecreated>Thu, 09 Jun 2016 09:00:32 GMT</datecreated>
			<flags>0</flags>
			<properties/>
			<relations/>
			<accesscontrol/>
		</file>
		<file>
			<source>system/workplace/locales/es/messages/org/opencms/workplace/tools/content/check/accounts/messages_es.properties</source>
			<destination>system/workplace/locales/es/messages/org/opencms/workplace/tools/content/check/accounts/messages_es.properties</destination>
			<type>plain</type>
			<uuidstructure>9ee9757f-2e20-11e6-9187-79ccfd198777</uuidstructure>
			<uuidresource>9ee97580-2e20-11e6-9187-79ccfd198777</uuidresource>
			<datecreated>Thu, 09 Jun 2016 09:00:32 GMT</datecreated>
			<flags>0</flags>
			<properties/>
			<relations/>
			<accesscontrol/>
		</file>
		<file>
			<destination>system/workplace/locales/es/messages/org/opencms/workplace/tools/database</destination>
			<type>folder</type>
			<uuidstructure>9ebc23a4-2e20-11e6-9187-79ccfd198777</uuidstructure>
			<datecreated>Thu, 09 Jun 2016 09:00:31 GMT</datecreated>
			<flags>0</flags>
			<properties/>
			<relations/>
			<accesscontrol/>
		</file>
		<file>
			<source>system/workplace/locales/es/messages/org/opencms/workplace/tools/database/messages_es.properties</source>
			<destination>system/workplace/locales/es/messages/org/opencms/workplace/tools/database/messages_es.properties</destination>
			<type>plain</type>
			<uuidstructure>9ebd8336-2e20-11e6-9187-79ccfd198777</uuidstructure>
			<uuidresource>9ebd8337-2e20-11e6-9187-79ccfd198777</uuidresource>
			<datecreated>Thu, 09 Jun 2016 09:00:31 GMT</datecreated>
			<flags>0</flags>
			<properties/>
			<relations/>
			<accesscontrol/>
		</file>
		<file>
			<destination>system/workplace/locales/es/messages/org/opencms/workplace/tools/galleryoverview</destination>
			<type>folder</type>
			<uuidstructure>9eb87b1f-2e20-11e6-9187-79ccfd198777</uuidstructure>
			<datecreated>Thu, 09 Jun 2016 09:00:31 GMT</datecreated>
			<flags>0</flags>
			<properties/>
			<relations/>
			<accesscontrol/>
		</file>
		<file>
			<source>system/workplace/locales/es/messages/org/opencms/workplace/tools/galleryoverview/messages_es.properties</source>
			<destination>system/workplace/locales/es/messages/org/opencms/workplace/tools/galleryoverview/messages_es.properties</destination>
			<type>plain</type>
			<uuidstructure>9eba27d1-2e20-11e6-9187-79ccfd198777</uuidstructure>
			<uuidresource>9eba27d2-2e20-11e6-9187-79ccfd198777</uuidresource>
			<datecreated>Thu, 09 Jun 2016 09:00:31 GMT</datecreated>
			<flags>0</flags>
			<properties/>
			<relations/>
			<accesscontrol/>
		</file>
		<file>
			<destination>system/workplace/locales/es/messages/org/opencms/workplace/tools/history</destination>
			<type>folder</type>
			<uuidstructure>9eb5e30a-2e20-11e6-9187-79ccfd198777</uuidstructure>
			<datecreated>Thu, 09 Jun 2016 09:00:31 GMT</datecreated>
			<flags>0</flags>
			<properties/>
			<relations/>
			<accesscontrol/>
		</file>
		<file>
			<source>system/workplace/locales/es/messages/org/opencms/workplace/tools/history/messages_es.properties</source>
			<destination>system/workplace/locales/es/messages/org/opencms/workplace/tools/history/messages_es.properties</destination>
			<type>plain</type>
			<uuidstructure>9eb71b8c-2e20-11e6-9187-79ccfd198777</uuidstructure>
			<uuidresource>9eb71b8d-2e20-11e6-9187-79ccfd198777</uuidresource>
			<datecreated>Thu, 09 Jun 2016 09:00:31 GMT</datecreated>
			<flags>0</flags>
			<properties/>
			<relations/>
			<accesscontrol/>
		</file>
		<file>
			<destination>system/workplace/locales/es/messages/org/opencms/workplace/tools/link</destination>
			<type>folder</type>
			<uuidstructure>9eb2aeb5-2e20-11e6-9187-79ccfd198777</uuidstructure>
			<datecreated>Thu, 09 Jun 2016 09:00:31 GMT</datecreated>
			<flags>0</flags>
			<properties/>
			<relations/>
			<accesscontrol/>
		</file>
		<file>
			<source>system/workplace/locales/es/messages/org/opencms/workplace/tools/link/messages_es.properties</source>
			<destination>system/workplace/locales/es/messages/org/opencms/workplace/tools/link/messages_es.properties</destination>
			<type>plain</type>
			<uuidstructure>9eb45c67-2e20-11e6-9187-79ccfd198777</uuidstructure>
			<uuidresource>9eb45c68-2e20-11e6-9187-79ccfd198777</uuidresource>
			<datecreated>Thu, 09 Jun 2016 09:00:31 GMT</datecreated>
			<flags>0</flags>
			<properties/>
			<relations/>
			<accesscontrol/>
		</file>
		<file>
			<destination>system/workplace/locales/es/messages/org/opencms/workplace/tools/modules</destination>
			<type>folder</type>
			<uuidstructure>9eaeb710-2e20-11e6-9187-79ccfd198777</uuidstructure>
			<datecreated>Thu, 09 Jun 2016 09:00:31 GMT</datecreated>
			<flags>0</flags>
			<properties/>
			<relations/>
			<accesscontrol/>
		</file>
		<file>
			<source>system/workplace/locales/es/messages/org/opencms/workplace/tools/modules/messages_es.properties</source>
			<destination>system/workplace/locales/es/messages/org/opencms/workplace/tools/modules/messages_es.properties</destination>
			<type>plain</type>
			<uuidstructure>9eb10102-2e20-11e6-9187-79ccfd198777</uuidstructure>
			<uuidresource>9eb10103-2e20-11e6-9187-79ccfd198777</uuidresource>
			<datecreated>Thu, 09 Jun 2016 09:00:31 GMT</datecreated>
			<flags>0</flags>
			<properties/>
			<relations/>
			<accesscontrol/>
		</file>
		<file>
			<destination>system/workplace/locales/es/messages/org/opencms/workplace/tools/projects</destination>
			<type>folder</type>
			<uuidstructure>9eab0d8b-2e20-11e6-9187-79ccfd198777</uuidstructure>
			<datecreated>Thu, 09 Jun 2016 09:00:31 GMT</datecreated>
			<flags>0</flags>
			<properties/>
			<relations/>
			<accesscontrol/>
		</file>
		<file>
			<source>system/workplace/locales/es/messages/org/opencms/workplace/tools/projects/messages_es.properties</source>
			<destination>system/workplace/locales/es/messages/org/opencms/workplace/tools/projects/messages_es.properties</destination>
			<type>plain</type>
			<uuidstructure>9eace24d-2e20-11e6-9187-79ccfd198777</uuidstructure>
			<uuidresource>9eace24e-2e20-11e6-9187-79ccfd198777</uuidresource>
			<datecreated>Thu, 09 Jun 2016 09:00:31 GMT</datecreated>
			<flags>0</flags>
			<properties/>
			<relations/>
			<accesscontrol/>
		</file>
		<file>
			<destination>system/workplace/locales/es/messages/org/opencms/workplace/tools/publishqueue</destination>
			<type>folder</type>
			<uuidstructure>9ea78b16-2e20-11e6-9187-79ccfd198777</uuidstructure>
			<datecreated>Thu, 09 Jun 2016 09:00:31 GMT</datecreated>
			<flags>0</flags>
			<properties/>
			<relations/>
			<accesscontrol/>
		</file>
		<file>
			<source>system/workplace/locales/es/messages/org/opencms/workplace/tools/publishqueue/messages_es.properties</source>
			<destination>system/workplace/locales/es/messages/org/opencms/workplace/tools/publishqueue/messages_es.properties</destination>
			<type>plain</type>
			<uuidstructure>9ea938c8-2e20-11e6-9187-79ccfd198777</uuidstructure>
			<uuidresource>9ea938c9-2e20-11e6-9187-79ccfd198777</uuidresource>
			<datecreated>Thu, 09 Jun 2016 09:00:31 GMT</datecreated>
			<flags>0</flags>
			<properties/>
			<relations/>
			<accesscontrol/>
		</file>
		<file>
			<destination>system/workplace/locales/es/messages/org/opencms/workplace/tools/scheduler</destination>
			<type>folder</type>
			<uuidstructure>9ea4a4e1-2e20-11e6-9187-79ccfd198777</uuidstructure>
			<datecreated>Thu, 09 Jun 2016 09:00:31 GMT</datecreated>
			<flags>0</flags>
			<properties/>
			<relations/>
			<accesscontrol/>
		</file>
		<file>
			<source>system/workplace/locales/es/messages/org/opencms/workplace/tools/scheduler/messages_es.properties</source>
			<destination>system/workplace/locales/es/messages/org/opencms/workplace/tools/scheduler/messages_es.properties</destination>
			<type>plain</type>
			<uuidstructure>9ea62b83-2e20-11e6-9187-79ccfd198777</uuidstructure>
			<uuidresource>9ea62b84-2e20-11e6-9187-79ccfd198777</uuidresource>
			<datecreated>Thu, 09 Jun 2016 09:00:31 GMT</datecreated>
			<flags>0</flags>
			<properties/>
			<relations/>
			<accesscontrol/>
		</file>
		<file>
			<destination>system/workplace/locales/es/messages/org/opencms/workplace/tools/searchindex</destination>
			<type>folder</type>
			<uuidstructure>9ea1497c-2e20-11e6-9187-79ccfd198777</uuidstructure>
			<datecreated>Thu, 09 Jun 2016 09:00:31 GMT</datecreated>
			<flags>0</flags>
			<properties/>
			<relations/>
			<accesscontrol/>
		</file>
		<file>
			<source>system/workplace/locales/es/messages/org/opencms/workplace/tools/searchindex/messages_es.properties</source>
			<destination>system/workplace/locales/es/messages/org/opencms/workplace/tools/searchindex/messages_es.properties</destination>
			<type>plain</type>
			<uuidstructure>9ea2d01e-2e20-11e6-9187-79ccfd198777</uuidstructure>
			<uuidresource>9ea2d01f-2e20-11e6-9187-79ccfd198777</uuidresource>
			<datecreated>Thu, 09 Jun 2016 09:00:31 GMT</datecreated>
			<flags>0</flags>
			<properties/>
			<relations/>
			<accesscontrol/>
		</file>
		<file>
			<destination>system/workplace/locales/es/messages/org/opencms/workplace/tools/sites</destination>
			<type>folder</type>
			<uuidstructure>9ec8f4fb-2e20-11e6-9187-79ccfd198777</uuidstructure>
			<datecreated>Thu, 09 Jun 2016 09:00:31 GMT</datecreated>
			<flags>0</flags>
			<properties/>
			<relations/>
			<accesscontrol/>
		</file>
		<file>
			<source>system/workplace/locales/es/messages/org/opencms/workplace/tools/sites/messages_es.properties</source>
			<destination>system/workplace/locales/es/messages/org/opencms/workplace/tools/sites/messages_es.properties</destination>
			<type>plain</type>
			<uuidstructure>9eca548d-2e20-11e6-9187-79ccfd198777</uuidstructure>
			<uuidresource>9eca548e-2e20-11e6-9187-79ccfd198777</uuidresource>
			<datecreated>Thu, 09 Jun 2016 09:00:31 GMT</datecreated>
			<flags>0</flags>
			<properties/>
			<relations/>
			<accesscontrol/>
		</file>
		<file>
			<destination>system/workplace/locales/es/messages/org/opencms/workplace/tools/workplace</destination>
			<type>folder</type>
			<uuidstructure>9e9e3c37-2e20-11e6-9187-79ccfd198777</uuidstructure>
			<datecreated>Thu, 09 Jun 2016 09:00:31 GMT</datecreated>
			<flags>0</flags>
			<properties/>
			<relations/>
			<accesscontrol/>
		</file>
		<file>
			<source>system/workplace/locales/es/messages/org/opencms/workplace/tools/workplace/messages_es.properties</source>
			<destination>system/workplace/locales/es/messages/org/opencms/workplace/tools/workplace/messages_es.properties</destination>
			<type>plain</type>
			<uuidstructure>9e9fc2d9-2e20-11e6-9187-79ccfd198777</uuidstructure>
			<uuidresource>9e9fc2da-2e20-11e6-9187-79ccfd198777</uuidresource>
			<datecreated>Thu, 09 Jun 2016 09:00:31 GMT</datecreated>
			<flags>0</flags>
			<properties/>
			<relations/>
			<accesscontrol/>
		</file>
		<file>
			<destination>system/workplace/locales/es/messages/org/opencms/workplace/tools/workplace/broadcast</destination>
			<type>folder</type>
			<uuidstructure>9ee1fb63-2e20-11e6-9187-79ccfd198777</uuidstructure>
			<datecreated>Thu, 09 Jun 2016 09:00:32 GMT</datecreated>
			<flags>0</flags>
			<properties/>
			<relations/>
			<accesscontrol/>
		</file>
		<file>
			<source>system/workplace/locales/es/messages/org/opencms/workplace/tools/workplace/broadcast/messages_es.properties</source>
			<destination>system/workplace/locales/es/messages/org/opencms/workplace/tools/workplace/broadcast/messages_es.properties</destination>
			<type>plain</type>
			<uuidstructure>9ee333e5-2e20-11e6-9187-79ccfd198777</uuidstructure>
			<uuidresource>9ee333e6-2e20-11e6-9187-79ccfd198777</uuidresource>
			<datecreated>Thu, 09 Jun 2016 09:00:32 GMT</datecreated>
			<flags>0</flags>
			<properties/>
			<relations/>
			<accesscontrol/>
		</file>
		<file>
			<destination>system/workplace/locales/es/messages/org/opencms/workplace/tools/workplace/rfsfile</destination>
			<type>folder</type>
			<uuidstructure>9edf152e-2e20-11e6-9187-79ccfd198777</uuidstructure>
			<datecreated>Thu, 09 Jun 2016 09:00:32 GMT</datecreated>
			<flags>0</flags>
			<properties/>
			<relations/>
			<accesscontrol/>
		</file>
		<file>
			<source>system/workplace/locales/es/messages/org/opencms/workplace/tools/workplace/rfsfile/messages_es.properties</source>
			<destination>system/workplace/locales/es/messages/org/opencms/workplace/tools/workplace/rfsfile/messages_es.properties</destination>
			<type>plain</type>
			<uuidstructure>9ee09bd0-2e20-11e6-9187-79ccfd198777</uuidstructure>
			<uuidresource>9ee09bd1-2e20-11e6-9187-79ccfd198777</uuidresource>
			<datecreated>Thu, 09 Jun 2016 09:00:32 GMT</datecreated>
			<flags>0</flags>
			<properties/>
			<relations/>
			<accesscontrol/>
		</file>
		<file>
			<destination>system/workplace/locales/es/messages/org/opencms/xml</destination>
			<type>folder</type>
			<uuidstructure>9dc938a2-2e20-11e6-9187-79ccfd198777</uuidstructure>
			<datecreated>Thu, 09 Jun 2016 09:00:30 GMT</datecreated>
			<flags>0</flags>
			<properties/>
			<relations/>
			<accesscontrol/>
		</file>
		<file>
			<source>system/workplace/locales/es/messages/org/opencms/xml/messages_es.properties</source>
			<destination>system/workplace/locales/es/messages/org/opencms/xml/messages_es.properties</destination>
			<type>plain</type>
			<uuidstructure>9dcabf44-2e20-11e6-9187-79ccfd198777</uuidstructure>
			<uuidresource>9dcabf45-2e20-11e6-9187-79ccfd198777</uuidresource>
			<datecreated>Thu, 09 Jun 2016 09:00:30 GMT</datecreated>
			<flags>0</flags>
			<properties/>
			<relations/>
			<accesscontrol/>
		</file>
		<file>
			<destination>system/workplace/locales/es/messages/org/opencms/xml/content</destination>
			<type>folder</type>
			<uuidstructure>9e2c8df6-2e20-11e6-9187-79ccfd198777</uuidstructure>
			<datecreated>Thu, 09 Jun 2016 09:00:30 GMT</datecreated>
			<flags>0</flags>
			<properties/>
			<relations/>
			<accesscontrol/>
		</file>
		<file>
			<source>system/workplace/locales/es/messages/org/opencms/xml/content/messages_es.properties</source>
			<destination>system/workplace/locales/es/messages/org/opencms/xml/content/messages_es.properties</destination>
			<type>plain</type>
			<uuidstructure>9e2e1498-2e20-11e6-9187-79ccfd198777</uuidstructure>
			<uuidresource>9e2e1499-2e20-11e6-9187-79ccfd198777</uuidresource>
			<datecreated>Thu, 09 Jun 2016 09:00:30 GMT</datecreated>
			<flags>0</flags>
			<properties/>
			<relations/>
			<accesscontrol/>
		</file>
		<file>
			<destination>system/workplace/locales/es/messages/org/opencms/xml/page</destination>
			<type>folder</type>
			<uuidstructure>9e2959a1-2e20-11e6-9187-79ccfd198777</uuidstructure>
			<datecreated>Thu, 09 Jun 2016 09:00:30 GMT</datecreated>
			<flags>0</flags>
			<properties/>
			<relations/>
			<accesscontrol/>
		</file>
		<file>
			<source>system/workplace/locales/es/messages/org/opencms/xml/page/messages_es.properties</source>
			<destination>system/workplace/locales/es/messages/org/opencms/xml/page/messages_es.properties</destination>
			<type>plain</type>
			<uuidstructure>9e2b0753-2e20-11e6-9187-79ccfd198777</uuidstructure>
			<uuidresource>9e2b0754-2e20-11e6-9187-79ccfd198777</uuidresource>
			<datecreated>Thu, 09 Jun 2016 09:00:30 GMT</datecreated>
			<flags>0</flags>
			<properties/>
			<relations/>
			<accesscontrol/>
		</file>
		<file>
			<destination>system/workplace/locales/es/messages/org/opencms/xml/types</destination>
			<type>folder</type>
			<uuidstructure>9e253aec-2e20-11e6-9187-79ccfd198777</uuidstructure>
			<datecreated>Thu, 09 Jun 2016 09:00:30 GMT</datecreated>
			<flags>0</flags>
			<properties/>
			<relations/>
			<accesscontrol/>
		</file>
		<file>
			<source>system/workplace/locales/es/messages/org/opencms/xml/types/messages_es.properties</source>
			<destination>system/workplace/locales/es/messages/org/opencms/xml/types/messages_es.properties</destination>
			<type>plain</type>
			<uuidstructure>9e275dce-2e20-11e6-9187-79ccfd198777</uuidstructure>
			<uuidresource>9e275dcf-2e20-11e6-9187-79ccfd198777</uuidresource>
			<datecreated>Thu, 09 Jun 2016 09:00:30 GMT</datecreated>
			<flags>0</flags>
			<properties/>
			<relations/>
			<accesscontrol/>
		</file>
	</files>
</export>