<?xml version="1.0" encoding="UTF-8"?>

<ApolloEvents xmlns:xsi="http://www.w3.org/2001/XMLSchema-instance" xsi:noNamespaceSchemaLocation="opencms://system/modules/org.opencms.apollo/schemas/event.xsd">
  <ApolloEvent language="en">
    <Title><![CDATA[Mixed Meeting of Important People]]></Title>
    <Date>1488096000000</Date>
    <EndDate>1488124800000</EndDate>
    <Paragraph>
      <Text name="Text0">
        <links/>
        <content><![CDATA[<p>At vero eos et accusam et justo duo dolores et ea rebum. Stet clita kasd gubergren, no sea takimata sanctus est Lorem ipsum dolor sit amet. Lorem ipsum dolor sit amet, consetetur sadipscing elitr, sed diam nonumy eirmod tempor invidunt ut labore et dolore magna aliquyam erat, sed diam voluptua. At vero eos et accusam et justo duo dolores et ea rebum. Stet clita kasd gubergren, no sea takimata sanctus est Lorem ipsum dolor sit amet.</p>]]></content>
      </Text>
      <Image>
        <Image>
          <link type="WEAK">
            <target><![CDATA[/sites/default/.galleries/samples/43.jpg]]></target>
            <uuid>60d31972-61f4-11e5-bcba-0242ac11002b</uuid>
          </link>
        </Image>
        <Title/>
      </Image>
    </Paragraph>
    <Category>
      <!--Categories are read dynamically-->
    </Category>
    <Location><![CDATA[Olympia Grand Hall, London]]></Location>
    <Address name="Address0">
      <links/>
      <content><![CDATA[<div class="cards-text-truncate-and-wrap">Hammersmith Rd</div>
<div class="cards-text-truncate-and-wrap">London W14 8UX</div>
<div class="cards-text-truncate-and-wrap">
<div class="cards-text-truncate-and-wrap">United Kingdom</div>
</div>]]></content>
    </Address>
  </ApolloEvent>
</ApolloEvents>
