<?xml version="1.0" encoding="UTF-8"?>

<ApolloEvents xmlns:xsi="http://www.w3.org/2001/XMLSchema-instance" xsi:noNamespaceSchemaLocation="opencms://system/modules/org.opencms.apollo/schemas/event.xsd">
  <ApolloEvent language="en">
    <Title><![CDATA[Mindful Members Mingling]]></Title>
    <Date>1459580400000</Date>
    <EndDate>1459609200000</EndDate>
    <Paragraph>
      <Headline><![CDATA[Section 1]]></Headline>
      <Text name="Text0">
        <links/>
        <content><![CDATA[<p>Donec mollis hendrerit risus. Phasellus nec sem in justo pellentesque facilisis. Etiam imperdiet imperdiet orci. Nunc nec neque. Phasellus leo dolor, tempus non, auctor et, hendrerit quis, nisi. Curabitur ligula sapien, tincidunt non, euismod vitae, posuere imperdiet, leo. Maecenas malesuada. Praesent congue erat at massa. Sed cursus turpis vitae tortor. Donec posuere vulputate arcu. Phasellus accumsan cursus velit.</p>]]></content>
      </Text>
      <Image>
        <Image>
          <link type="WEAK">
            <target><![CDATA[/sites/default/.galleries/samples/40.jpg]]></target>
            <uuid>61eb6748-61f4-11e5-bcba-0242ac11002b</uuid>
          </link>
        </Image>
        <Title/>
      </Image>
      <Link>
        <Text><![CDATA[Tutorial]]></Text>
        <URI>
          <link internal="true" type="WEAK">
            <target><![CDATA[/sites/default/tutorial/]]></target>
            <uuid>e46f947b-6100-11e5-9eef-0242ac11002b</uuid>
          </link>
        </URI>
      </Link>
    </Paragraph>
    <Paragraph>
      <Headline><![CDATA[Section 2]]></Headline>
      <Text name="Text0">
        <links/>
        <content><![CDATA[<p>Please edit the event text of Section 2.</p>]]></content>
      </Text>
      <Image>
        <Image>
          <link type="WEAK">
            <target><![CDATA[/sites/default/.galleries/samples/41.jpg]]></target>
            <uuid>626949db-61f4-11e5-bcba-0242ac11002b</uuid>
          </link>
        </Image>
      </Image>
      <Link>
        <Text><![CDATA[Release notes]]></Text>
        <URI>
          <link internal="true" type="WEAK">
            <target><![CDATA[/sites/default/release/]]></target>
            <uuid>b7e67102-6049-11e5-9199-0242ac11002b</uuid>
          </link>
        </URI>
      </Link>
    </Paragraph>
    <Category>
      <!--Categories are read dynamically-->
    </Category>
    <Location><![CDATA[Lawrence Hall of Science, San Francisco]]></Location>
    <Address name="Address0">
      <links/>
      <content><![CDATA[<p>1 Centennial Drive<br />Berkeley, CA 94720-5200<br />510-642-5132</p>]]></content>
    </Address>
  </ApolloEvent>
</ApolloEvents>
