<?xml version="1.0" encoding="UTF-8"?>

<ApolloEvents xmlns:xsi="http://www.w3.org/2001/XMLSchema-instance" xsi:noNamespaceSchemaLocation="opencms://system/modules/org.opencms.apollo/schemas/event.xsd">
  <ApolloEvent language="en">
    <Title><![CDATA[Core Developer Convention]]></Title>
    <Date>1469862000000</Date>
    <EndDate>1548604800000</EndDate>
    <Paragraph>
      <Text name="Text0">
        <links/>
        <content><![CDATA[<p>Nullam accumsan lorem in dui. Cras ultricies mi eu turpis hendrerit fringilla. Vestibulum ante ipsum primis in faucibus orci luctus et ultrices posuere cubilia Curae; In ac dui quis mi consectetuer lacinia. Nam pretium turpis et arcu. Duis arcu tortor, suscipit eget, imperdiet nec, imperdiet iaculis, ipsum. Sed aliquam ultrices mauris. Integer ante arcu, accumsan a, consectetuer eget, posuere ut, mauris. Praesent adipiscing. Phasellus ullamcorper ipsum rutrum nunc. Nunc nonummy metus.</p>]]></content>
      </Text>
      <Image>
        <Image>
          <link type="WEAK">
            <target><![CDATA[/sites/default/.galleries/samples/41.jpg]]></target>
            <uuid>626949db-61f4-11e5-bcba-0242ac11002b</uuid>
          </link>
        </Image>
        <Title/>
      </Image>
    </Paragraph>
    <Category>
      <!--Categories are read dynamically-->
    </Category>
    <Location><![CDATA[Haus der Kulturen der Welt, Berlin]]></Location>
    <Address name="Address0">
      <links/>
      <content><![CDATA[<div class="cards-text-truncate-and-wrap">John-Foster-Dulles-Allee 10<br />10557 Berlin<br />Germany</div>]]></content>
    </Address>
  </ApolloEvent>
</ApolloEvents>
