<?xml version="1.0" encoding="UTF-8"?>

<ApolloEvents xmlns:xsi="http://www.w3.org/2001/XMLSchema-instance" xsi:noNamespaceSchemaLocation="opencms://system/modules/org.opencms.apollo/schemas/event.xsd">
  <ApolloEvent language="en">
    <Title><![CDATA[Presentation of One More Thing]]></Title>
    <Date>1473318000000</Date>
    <EndDate>1473346800000</EndDate>
    <Teaser><![CDATA[Sed cursus turpis vitae tortor. Donec posuere vulputate arcu. Phasellus accumsan cursus velit. ]]></Teaser>
    <Paragraph>
      <Text name="Text0">
        <links/>
        <content><![CDATA[<p>Sed cursus turpis vitae tortor. Donec posuere vulputate arcu. Phasellus accumsan cursus velit. Vestibulum ante ipsum primis in faucibus orci luctus et ultrices posuere cubilia Curae; Sed aliquam, nisi quis porttitor congue, elit erat euismod orci, ac placerat dolor lectus quis orci. Phasellus consectetuer vestibulum elit. Aenean tellus metus, bibendum sed, posuere ac, mattis non, nunc. Vestibulum fringilla pede sit amet augue. In turpis. Pellentesque posuere. Praesent turpis.</p>]]></content>
      </Text>
      <Image>
        <Image>
          <link type="WEAK">
            <target><![CDATA[/sites/default/.galleries/samples/40.jpg]]></target>
            <uuid>61eb6748-61f4-11e5-bcba-0242ac11002b</uuid>
          </link>
        </Image>
        <Title/>
      </Image>
    </Paragraph>
    <Category>
      <!--Categories are read dynamically-->
    </Category>
    <Location><![CDATA[Lawrence Hall of Science, San Francisco]]></Location>
    <Address name="Address0">
      <links/>
      <content><![CDATA[<p>1 Centennial Drive<br />Berkeley, CA 94720-5200<br />510-642-5132</p>]]></content>
    </Address>
  </ApolloEvent>
</ApolloEvents>
