<?xml version="1.0" encoding="UTF-8"?>

<ApolloEvents xmlns:xsi="http://www.w3.org/2001/XMLSchema-instance" xsi:noNamespaceSchemaLocation="opencms://system/modules/org.opencms.apollo/schemas/event.xsd">
  <ApolloEvent language="en">
    <Title><![CDATA[Pre-Release Poster Party]]></Title>
    <Date>1470207600000</Date>
    <EndDate>1470236400000</EndDate>
    <Paragraph>
      <Text name="Text0">
        <links/>
        <content><![CDATA[<p>Nam quam nunc, blandit vel, luctus pulvinar, hendrerit id, lorem. Maecenas nec odio et ante tincidunt tempus. Donec vitae sapien ut libero venenatis faucibus. Nullam quis ante. Etiam sit amet orci eget eros faucibus tincidunt. Duis leo. Sed fringilla mauris sit amet nibh. Donec sodales sagittis magna. Sed consequat, leo eget bibendum sodales, augue velit cursus nunc, quis gravida magna mi a libero. Fusce vulputate eleifend sapien. Vestibulum purus quam, scelerisque ut, mollis sed, nonummy id, metus.</p>]]></content>
      </Text>
      <Image>
        <Image>
          <link type="WEAK">
            <target><![CDATA[/sites/default/.galleries/samples/39.jpg]]></target>
            <uuid>615b0e25-61f4-11e5-bcba-0242ac11002b</uuid>
          </link>
        </Image>
        <Title/>
      </Image>
    </Paragraph>
    <Category>
      <!--Categories are read dynamically-->
    </Category>
    <Location><![CDATA[ETH Zürich]]></Location>
    <Address name="Address0">
      <links/>
      <content><![CDATA[<p>Rämistrasse 101<br />8092 Zürich<br />Switzerland</p>]]></content>
    </Address>
  </ApolloEvent>
</ApolloEvents>
