<?xml version="1.0" encoding="UTF-8"?>

<ApolloNavigations xmlns:xsi="http://www.w3.org/2001/XMLSchema-instance" xsi:noNamespaceSchemaLocation="opencms://system/modules/org.opencms.apollo/schemas/navigation.xsd">
  <ApolloNavigation language="en">
    <Title><![CDATA[Apollo Demo main navigation]]></Title>
    <NavStartLevel><![CDATA[0]]></NavStartLevel>
    <LogoImage>
      <link type="WEAK">
        <target><![CDATA[/system/modules/org.opencms.apollo.template.theme.unify/resources/img/logo/logo_opencms_170x42.png]]></target>
        <uuid>71ac2b99-be83-11e5-a9f8-0242ac11002b</uuid>
      </link>
    </LogoImage>
    <LogoFullWidth>false</LogoFullWidth>
    <LogoLink>
      <link internal="true" type="WEAK">
        <target><![CDATA[/sites/default/overview/]]></target>
        <uuid>c4709ed4-5845-11e4-a786-005056b61161</uuid>
      </link>
    </LogoLink>
    <Header name="Header0">
      <links/>
      <content/>
    </Header>
  </ApolloNavigation>
</ApolloNavigations>
