<?xml version="1.0" encoding="UTF-8"?>

<ApolloNavigations xmlns:xsi="http://www.w3.org/2001/XMLSchema-instance" xsi:noNamespaceSchemaLocation="opencms://system/modules/org.opencms.apollo/schemas/navigation.xsd">
  <ApolloNavigation language="en">
    <Title><![CDATA[Apollo Demo side first level navigation]]></Title>
    <NavStartLevel><![CDATA[1]]></NavStartLevel>
    <LogoImage/>
    <LogoFullWidth>false</LogoFullWidth>
    <LogoLink>
      <link internal="true" type="WEAK">
        <target><![CDATA[/sites/default/index.html]]></target>
        <uuid>37a44795-5ab9-11e4-955d-005056b61161</uuid>
      </link>
    </LogoLink>
    <Header name="Header0">
      <links/>
      <content/>
    </Header>
  </ApolloNavigation>
</ApolloNavigations>
