<?xml version="1.0" encoding="UTF-8"?>

<NewFormatters xmlns:xsi="http://www.w3.org/2001/XMLSchema-instance" xsi:noNamespaceSchemaLocation="opencms://system/modules/org.opencms.ade.config/schemas/formatters/new_formatter.xsd">
  <NewFormatter language="en">
    <NiceName><![CDATA[Asset Connections > Imgur]]></NiceName>
    <Type><![CDATA[a-imgursection]]></Type>
    <Jsp>
      <link type="WEAK">
        <target><![CDATA[/system/modules/org.opencms.apollo/formatters/asset-imgur-formatter.jsp]]></target>
        <uuid>3a9805dc-7f0e-11e6-95f6-0242ac11002b</uuid>
      </link>
    </Jsp>
    <Rank><![CDATA[1000]]></Rank>
    <Match>
      <Types>
        <ContainerType><![CDATA[element]]></ContainerType>
      </Types>
    </Match>
    <Preview>true</Preview>
    <SearchContent>true</SearchContent>
    <AutoEnabled>true</AutoEnabled>
    <Detail>true</Detail>
    <NestedContainers>false</NestedContainers>
    <Setting>
      <PropertyName><![CDATA[ieffect]]></PropertyName>
      <DisplayName><![CDATA[%(key.apollo.section.image.effect.label)]]></DisplayName>
      <Widget><![CDATA[select]]></Widget>
      <Default><![CDATA[none]]></Default>
      <WidgetConfig><![CDATA[
        none:%(key.apollo.section.image.effect.none)|
        ap-shadow-animation:%(key.apollo.section.image.effect.shadow)|
        ap-inset-animation:%(key.apollo.section.image.effect.inset)|
        ap-raise-animation:%(key.apollo.section.image.effect.raise)|
        ap-kenburns-animation:%(key.apollo.section.image.effect.kenburns)|
        ap-shadow-animation ap-kenburns-animation:%(key.apollo.section.image.effect.shadow-kenburns)|
        ap-inset-animation ap-kenburns-animation:%(key.apollo.section.image.effect.inset-kenburns)|
        ap-raise-animation ap-kenburns-animation:%(key.apollo.section.image.effect.raise-kenburns)
      ]]></WidgetConfig>
    </Setting>
    <Setting>
      <PropertyName><![CDATA[usetitle]]></PropertyName>
      <DisplayName><![CDATA[%(key.apollo.setting.imgursection.usetitle)]]></DisplayName>
      <Widget><![CDATA[checkbox]]></Widget>
      <Default><![CDATA[false]]></Default>
    </Setting>
    <Setting>
      <PropertyName><![CDATA[showlink]]></PropertyName>
      <DisplayName><![CDATA[%(key.apollo.section.image.text.showlink)]]></DisplayName>
      <Widget><![CDATA[checkbox]]></Widget>
      <Default><![CDATA[false]]></Default>
    </Setting>
    <Setting>
      <PropertyName><![CDATA[showsubtitle]]></PropertyName>
      <DisplayName><![CDATA[%(key.apollo.section.image.text.showsubtitle)]]></DisplayName>
      <Widget><![CDATA[checkbox]]></Widget>
      <Default><![CDATA[false]]></Default>
    </Setting>
    <Setting>
      <PropertyName><![CDATA[showtext]]></PropertyName>
      <DisplayName><![CDATA[%(key.apollo.section.image.text.showtext)]]></DisplayName>
      <Widget><![CDATA[checkbox]]></Widget>
      <Default><![CDATA[false]]></Default>
    </Setting>
  </NewFormatter>
</NewFormatters>
