<?xml version="1.0" encoding="UTF-8"?>

<ApolloLinkSequences xmlns:xsi="http://www.w3.org/2001/XMLSchema-instance" xsi:noNamespaceSchemaLocation="opencms://system/modules/org.opencms.apollo/schemas/linksequence.xsd">
  <ApolloLinkSequence language="en">
    <Title><![CDATA[Head links]]></Title>
    <LinkEntry>
      <Text><![CDATA[Search]]></Text>
      <URI>
        <link internal="true" type="WEAK">
          <target><![CDATA[/sites/default/apollo-demo/search/]]></target>
          <uuid>4eef4bfc-5c5c-11e5-96ab-0242ac11002b</uuid>
        </link>
      </URI>
    </LinkEntry>
    <LinkEntry>
      <Text><![CDATA[Login]]></Text>
      <URI>
        <link internal="true" type="WEAK">
          <target><![CDATA[/sites/default/login/]]></target>
          <uuid>d87f4764-58f1-11e4-903d-005056b61161</uuid>
        </link>
      </URI>
    </LinkEntry>
  </ApolloLinkSequence>
  <ApolloLinkSequence language="de">
    <Title><![CDATA[Head links]]></Title>
    <LinkEntry>
      <Text><![CDATA[Suche]]></Text>
      <URI>
        <link internal="true" type="WEAK">
          <target><![CDATA[/sites/default/apollo-demo/search/]]></target>
          <uuid>4eef4bfc-5c5c-11e5-96ab-0242ac11002b</uuid>
        </link>
      </URI>
    </LinkEntry>
    <LinkEntry>
      <Text><![CDATA[Anmelden]]></Text>
      <URI>
        <link internal="true" type="WEAK">
          <target><![CDATA[/sites/default/login/]]></target>
          <uuid>d87f4764-58f1-11e4-903d-005056b61161</uuid>
        </link>
      </URI>
    </LinkEntry>
  </ApolloLinkSequence>
</ApolloLinkSequences>
