<?xml version="1.0" encoding="UTF-8"?>

<ApolloSections xmlns:xsi="http://www.w3.org/2001/XMLSchema-instance" xsi:noNamespaceSchemaLocation="opencms://system/modules/org.opencms.apollo/schemas/section.xsd">
  <ApolloSection language="en">
    <Headline><![CDATA[Next: How to modify a page]]></Headline>
    <Text name="Text0">
      <links/>
      <content><![CDATA[<p>Once you have successfully logged in, please continue to the next step to learn how to edit content and modify pages.</p>]]></content>
    </Text>
    <Link>
      <Text><![CDATA[Continue with Step 1: Modify a page]]></Text>
      <URI>
        <link internal="true" type="WEAK">
          <target><![CDATA[/sites/default/tutorial/step-1-modify-a-page/]]></target>
          <uuid>5ceb673f-6105-11e5-9eef-0242ac11002b</uuid>
        </link>
      </URI>
    </Link>
    <GalleryTitle><![CDATA[%(page_title)%(no_prefix:: )%(value:Headline)]]></GalleryTitle>
  </ApolloSection>
</ApolloSections>
