<?xml version="1.0" encoding="UTF-8"?>

<ApolloSections xmlns:xsi="http://www.w3.org/2001/XMLSchema-instance" xsi:noNamespaceSchemaLocation="opencms://system/modules/org.opencms.apollo/schemas/section.xsd">
  <ApolloSection language="en">
    <Headline><![CDATA[Link to Step 6]]></Headline>
    <Text name="Text0">
      <links/>
      <content><![CDATA[<p>The <em><strong>Explorer</strong></em>&nbsp;allows you a behind the scenes look about the file&nbsp;and folder&nbsp;structure that is created when you use the <em><strong>Page editor</strong></em> and the <em><strong>Sitemap</strong></em>.&nbsp;</p>
<p>All resources in OpenCms are managed in a tree structure familiar to many users with general IT&nbsp;knowledge. Since this tree is completely stored in a database we call this file structure the Virtual File System, or VFS.&nbsp;</p>
<p>Using the <em><strong>Explorer</strong></em>, you can browse the VFS and check the structure of files and folders. When you click either on the Icon of an entry, or do a right-click anywhere ofer an entry, the <strong><em>Context menu</em></strong> opens. Many options available here&nbsp;are also available somehow in the <em><strong>Page editor</strong></em> or <em><strong>Sitemap</strong></em>. However, some advanced&nbsp;options such as setting the resource permissions&nbsp;are available in the <em><strong>Explorer</strong></em> only.&nbsp;</p>
<p>Go ahead and try out the Explorer. Once you are finished, come back to the tutorial and continue with the next step.</p>]]></content>
    </Text>
    <Link>
      <Text><![CDATA[Continue with step 6: Publish your changes]]></Text>
      <URI>
        <link internal="true" type="WEAK">
          <target><![CDATA[/sites/default/tutorial/step-6-publish-your-changes/]]></target>
          <uuid>f3d66111-6127-11e5-9eef-0242ac11002b</uuid>
        </link>
      </URI>
    </Link>
  </ApolloSection>
</ApolloSections>
