<?xml version="1.0" encoding="UTF-8"?>

<ApolloFlexibleElements xmlns:xsi="http://www.w3.org/2001/XMLSchema-instance" xsi:noNamespaceSchemaLocation="opencms://system/modules/org.opencms.apollo/schemas/flexible.xsd">
  <ApolloFlexibleElement language="en">
    <Title><![CDATA[Tutorial / Release notes footer]]></Title>
    <Code name="Code0">
      <links>
        <link name="link0" internal="false" type="A">
          <target><![CDATA[http://www.opencms.org/]]></target>
        </link>
        <link name="link1" internal="false" type="A">
          <target><![CDATA[http://www.alkacon.com]]></target>
        </link>
        <link name="link2" internal="false" type="A">
          <target><![CDATA[http://www.alkacon.com]]></target>
        </link>
        <link name="link3" internal="true" type="IMG">
          <target><![CDATA[/sites/default/tutorial/.galleries/tutorial-images/alkacon_logo.png]]></target>
          <uuid>36f7f7bb-6101-11e5-9eef-0242ac11002b</uuid>
          <query><![CDATA[__scale=w:120,h:39,c:transparent]]></query>
        </link>
      </links>
      <content><![CDATA[<div class="footer-default">
<!--=== Copyright ===-->
<div class="copyright">
<div class="container">
<div class="row">

<div class="col-sm-9">
<p>Built with <a href="%(link0)">OpenCms - The Open Source CMS</a> from <a href="%(link1)">Alkacon Software - The OpenCms Experts</a><br>
Alkacon and the OpenCms logo are registered trademarks owned by Alkacon Software.</p>
</div>

<div class="col-md-3 col-xs-12">
<a href="%(link2)">
<img id="logo-footer" src="%(link3)"  alt="Alkacon Software GmbH" />
</a>
</div>

</div>
</div>
</div>
<!--=== End Copyright ===-->
</div>]]></content>
    </Code>
  </ApolloFlexibleElement>
</ApolloFlexibleElements>
