<?xml version="1.0" encoding="UTF-8"?>

<ApolloFlexibleElements xmlns:xsi="http://www.w3.org/2001/XMLSchema-instance" xsi:noNamespaceSchemaLocation="opencms://system/modules/org.opencms.apollo/schemas/flexible.xsd">
  <ApolloFlexibleElement language="en">
    <Title><![CDATA[Header for tutorial]]></Title>
    <Code name="Code0">
      <links>
        <link name="link0" internal="true" type="A">
          <target><![CDATA[/sites/default/apollo-demo/]]></target>
          <uuid>acb43685-5224-11e5-9495-0242ac11002b</uuid>
        </link>
        <link name="link1" internal="true" type="A">
          <target><![CDATA[/sites/default/release/]]></target>
          <uuid>b7e67102-6049-11e5-9199-0242ac11002b</uuid>
        </link>
        <link name="link2" internal="true" type="A">
          <target><![CDATA[/sites/default/apollo-demo/search/]]></target>
          <uuid>4eef4bfc-5c5c-11e5-96ab-0242ac11002b</uuid>
        </link>
        <link name="link3" internal="true" type="A">
          <target><![CDATA[/sites/default/index.html]]></target>
          <uuid>37a44795-5ab9-11e4-955d-005056b61161</uuid>
        </link>
      </links>
      <content><![CDATA[<div class="header">

<div class="container">
  <div class="topbar margin-bottom-20">
    <ul class="loginbar pull-right">
      <li><a href="%(link0)">Demo Website</a></li>
      <li class="topbar-devider"></li>
      <li><a href="%(link1)">Release Notes</a></li>
      <li class="topbar-devider"></li>
      <li><a href="%(link2)">Search</a></li>
    </ul></div>
  </div>
</div>

<div class="container">
  <div class="row">
    <div class="col-sm-3">
      <a href="%(link3)"><span class="logo opencms-logo"></span></a></div>
    <div class="col-sm-9">
    <div class="headline bb-grey-light-1-solid p-0 mt-30 mb-0">
     <h1>Beginners tutorial</h1>
   </div>
  </div>
</div>

</div>]]></content>
    </Code>
  </ApolloFlexibleElement>
</ApolloFlexibleElements>
