<?xml version="1.0" encoding="UTF-8"?>

<ApolloFlexibleElements xmlns:xsi="http://www.w3.org/2001/XMLSchema-instance" xsi:noNamespaceSchemaLocation="opencms://system/modules/org.opencms.apollo/schemas/flexible.xsd">
  <ApolloFlexibleElement language="en">
    <Title><![CDATA[Mailing list form]]></Title>
    <Code name="Code0">
      <links/>
      <content><![CDATA[<form class="form-horizontal" method="post" action="http://lists.opencms.org/mailman/subscribe/opencms-dev">
<div class="margin-bottom-10"><input type="text" name="email" placeholder="Email Address" class="form-control input-sm"/></div>
<div class="margin-bottom-10"><input type="password" name="pw" placeholder="Pick a password" class="form-control input-sm"/></div>
<div class="margin-bottom-10"><input type="password" name="pw-conf" placeholder="Confirm password" class="form-control input-sm"/></div>
<div class="margin-bottom-10">
<button type="submit" class="btn-u">Subscribe</button>
</div>
<div class="alert alert-info fade in"><p>Connection to the internet is required for subscription.</p></div>
</form>]]></content>
    </Code>
  </ApolloFlexibleElement>
</ApolloFlexibleElements>
