<?xml version="1.0" encoding="UTF-8"?>

<export>
	<info>
		<infoproject>Offline</infoproject>
		<export_version>10</export_version>
	</info>
	<module>
		<name>org.opencms.workplace.tools.scheduler</name>
		<nicename><![CDATA[OpenCms Scheduled jobs management]]></nicename>
		<group>OpenCms Workplace</group>
		<class/>
    <import-script><![CDATA[
# sets access control entries  and properties on folders not exclusively belonging to this module
writeProperty '/system/workplace/admin/scheduler/' 'Description' '${key.GUI_JOBS_ADMIN_TOOL_HELP_0}'
writeProperty '/system/workplace/admin/scheduler/' 'NavImage' 'tools/scheduler/icons/big/scheduler.png:tools/scheduler/icons/small/scheduler.png'
writeProperty '/system/workplace/admin/scheduler/' 'NavInfo' '${key.GUI_JOBS_ADMIN_TOOL_GROUP_0}'
writeProperty '/system/workplace/admin/scheduler/' 'NavPos' '90.0'
writeProperty '/system/workplace/admin/scheduler/' 'NavText' '${key.GUI_JOBS_ADMIN_TOOL_SHORTNAME_0}:${key.GUI_JOBS_ADMIN_TOOL_NAME_0}'
writeProperty '/system/workplace/admin/scheduler/' 'Title' 'Scheduler Management'
writeProperty '/system/workplace/admin/scheduler/' 'admintoolhandler-class' 'org.opencms.workplace.tools.scheduler.CmsSchedulerToolHandler'
writeProperty '/system/workplace/admin/scheduler/' 'default-file' 'index.jsp'
		]]></import-script>
		<export-mode name="reduced"/>
		<description><![CDATA[<p>This module contains the tools for managing scheduled jobs.</p>
<p><i>&copy; 2016 by Alkacon Software GmbH (http://www.alkacon.com).</i></p>]]></description>
		<version>10.5.0</version>
		<authorname><![CDATA[Alkacon Software GmbH]]></authorname>
		<authoremail><![CDATA[info@alkacon.com]]></authoremail>
		<datecreated>Mon, 27 Jun 2005 08:00:00 GMT</datecreated>
		<userinstalled/>
		<dateinstalled/>
		<dependencies>
			<dependency name="org.opencms.workplace" version="10.0.0"/>
			<dependency name="org.opencms.workplace.administration" version="10.0.0"/>
		</dependencies>
		<exportpoints/>
		<resources>
			<resource uri="/system/workplace/admin/scheduler/edit.jsp"/>
			<resource uri="/system/workplace/admin/scheduler/index.jsp"/>
			<resource uri="/system/workplace/admin/scheduler/new.jsp"/>
			<resource uri="/system/workplace/resources/tools/scheduler/buttons/copy.png"/>
			<resource uri="/system/workplace/resources/tools/scheduler/buttons/edit.png"/>
			<resource uri="/system/workplace/resources/tools/scheduler/icons/big/scheduler.png"/>
			<resource uri="/system/workplace/resources/tools/scheduler/icons/big/scheduler_new.png"/>
			<resource uri="/system/workplace/resources/tools/scheduler/icons/small/scheduler.png"/>
		</resources>
		<excluderesources/>
		<parameters/>
	</module>
	<files>
		<file>
			<destination>system</destination>
			<type>folder</type>
			<properties/>
		</file>
		<file>
			<destination>system/workplace</destination>
			<type>folder</type>
			<properties/>
		</file>
		<file>
			<destination>system/workplace/admin</destination>
			<type>folder</type>
			<properties/>
		</file>
		<file>
			<destination>system/workplace/admin/scheduler</destination>
			<type>folder</type>
			<properties/>
		</file>
		<file>
			<source>system/workplace/admin/scheduler/edit.jsp</source>
			<destination>system/workplace/admin/scheduler/edit.jsp</destination>
			<type>jsp</type>
			<uuidstructure>d23c0dc5-11b7-11db-91cd-fdbae480bac9</uuidstructure>
			<uuidresource>ab914c0f-d664-11d9-b9b1-0d179596440c</uuidresource>
			<datecreated>Mon, 27 Jun 2005 08:00:00 GMT</datecreated>
			<flags>0</flags>
			<properties>
				<property>
					<name>Description</name>
					<value><![CDATA[${key.GUI_EDITJOB_ADMIN_TOOL_HELP_0}]]></value>
				</property>
				<property>
					<name>NavInfo</name>
					<value><![CDATA[${key.GUI_EDITJOB_ADMIN_TOOL_GROUP_0}]]></value>
				</property>
				<property>
					<name>NavPos</name>
					<value><![CDATA[2]]></value>
				</property>
				<property>
					<name>NavText</name>
					<value><![CDATA[${key.GUI_EDITJOB_ADMIN_TOOL_NAME_0}]]></value>
				</property>
				<property>
					<name>Title</name>
					<value><![CDATA[Edit job]]></value>
				</property>
				<property>
					<name>admintoolhandler-class</name>
					<value><![CDATA[org.opencms.workplace.tools.CmsInvisibleToolHandler]]></value>
				</property>
				<property>
					<name>export</name>
					<value><![CDATA[false]]></value>
				</property>
			</properties>
			<relations/>
			<accesscontrol/>
		</file>
		<file>
			<source>system/workplace/admin/scheduler/index.jsp</source>
			<destination>system/workplace/admin/scheduler/index.jsp</destination>
			<type>jsp</type>
			<uuidstructure>d240c8be-11b7-11db-91cd-fdbae480bac9</uuidstructure>
			<uuidresource>29176051-c771-11d9-ac97-417e0ce441a2</uuidresource>
			<datecreated>Mon, 27 Jun 2005 08:00:00 GMT</datecreated>
			<flags>0</flags>
			<properties>
				<property>
					<name>export</name>
					<value><![CDATA[false]]></value>
				</property>
			</properties>
			<relations/>
			<accesscontrol/>
		</file>
		<file>
			<destination>system/workplace/admin/scheduler/new.jsp</destination>
			<type>jsp</type>
			<uuidstructure>d245aac1-11b7-11db-91cd-fdbae480bac9</uuidstructure>
			<uuidresource>ab914c0f-d664-11d9-b9b1-0d179596440c</uuidresource>
			<datecreated>Mon, 27 Jun 2005 08:00:00 GMT</datecreated>
			<flags>0</flags>
			<properties>
				<property>
					<name>Description</name>
					<value><![CDATA[${key.GUI_NEWJOB_ADMIN_TOOL_HELP_0}]]></value>
				</property>
				<property>
					<name>NavImage</name>
					<value><![CDATA[tools/scheduler/icons/big/scheduler_new.png]]></value>
				</property>
				<property>
					<name>NavInfo</name>
					<value><![CDATA[${key.GUI_NEWJOB_ADMIN_TOOL_GROUP_0}]]></value>
				</property>
				<property>
					<name>NavPos</name>
					<value><![CDATA[4]]></value>
				</property>
				<property>
					<name>NavText</name>
					<value><![CDATA[${key.GUI_NEWJOB_ADMIN_TOOL_NAME_0}]]></value>
				</property>
				<property>
					<name>Title</name>
					<value><![CDATA[New job]]></value>
				</property>
				<property>
					<name>admintoolhandler-class</name>
					<value><![CDATA[org.opencms.workplace.tools.scheduler.CmsSchedulerToolHandler]]></value>
				</property>
				<property>
					<name>export</name>
					<value><![CDATA[false]]></value>
				</property>
			</properties>
			<relations/>
			<accesscontrol/>
		</file>
		<file>
			<destination>system/workplace/resources</destination>
			<type>folder</type>
			<properties/>
		</file>
		<file>
			<destination>system/workplace/resources/tools</destination>
			<type>folder</type>
			<properties/>
		</file>
		<file>
			<destination>system/workplace/resources/tools/scheduler</destination>
			<type>folder</type>
			<properties/>
		</file>
		<file>
			<destination>system/workplace/resources/tools/scheduler/buttons</destination>
			<type>folder</type>
			<properties/>
		</file>
		<file>
			<source>system/workplace/resources/tools/scheduler/buttons/copy.png</source>
			<destination>system/workplace/resources/tools/scheduler/buttons/copy.png</destination>
			<type>image</type>
			<uuidstructure>d2ec7220-11b7-11db-91cd-fdbae480bac9</uuidstructure>
			<uuidresource>8f878461-c92b-11d9-abad-417e0ce441a2</uuidresource>
			<datecreated>Mon, 27 Jun 2005 08:00:00 GMT</datecreated>
			<flags>0</flags>
			<properties>
				<property type="shared">
					<name>image.size</name>
					<value><![CDATA[w:20,h:20]]></value>
				</property>
			</properties>
			<relations/>
			<accesscontrol/>
		</file>
		<file>
			<source>system/workplace/resources/tools/scheduler/buttons/edit.png</source>
			<destination>system/workplace/resources/tools/scheduler/buttons/edit.png</destination>
			<type>image</type>
			<uuidstructure>d2f15423-11b7-11db-91cd-fdbae480bac9</uuidstructure>
			<uuidresource>8f90d33a-c92b-11d9-abad-417e0ce441a2</uuidresource>
			<datecreated>Mon, 27 Jun 2005 08:00:00 GMT</datecreated>
			<flags>0</flags>
			<properties>
				<property type="shared">
					<name>image.size</name>
					<value><![CDATA[w:20,h:20]]></value>
				</property>
			</properties>
			<relations/>
			<accesscontrol/>
		</file>
		<file>
			<destination>system/workplace/resources/tools/scheduler/icons</destination>
			<type>folder</type>
			<properties/>
		</file>
		<file>
			<destination>system/workplace/resources/tools/scheduler/icons/big</destination>
			<type>folder</type>
			<properties/>
		</file>
		<file>
			<source>system/workplace/resources/tools/scheduler/icons/big/scheduler.png</source>
			<destination>system/workplace/resources/tools/scheduler/icons/big/scheduler.png</destination>
			<type>image</type>
			<uuidstructure>d2ff84fa-11b7-11db-91cd-fdbae480bac9</uuidstructure>
			<uuidresource>8f9e8ee4-c92b-11d9-abad-417e0ce441a2</uuidresource>
			<datecreated>Mon, 27 Jun 2005 08:00:00 GMT</datecreated>
			<flags>0</flags>
			<properties>
				<property type="shared">
					<name>image.size</name>
					<value><![CDATA[w:32,h:32]]></value>
				</property>
			</properties>
			<relations/>
			<accesscontrol/>
		</file>
		<file>
			<source>system/workplace/resources/tools/scheduler/icons/big/scheduler_new.png</source>
			<destination>system/workplace/resources/tools/scheduler/icons/big/scheduler_new.png</destination>
			<type>image</type>
			<uuidstructure>d301f5fd-11b7-11db-91cd-fdbae480bac9</uuidstructure>
			<uuidresource>8f9b81a1-c92b-11d9-abad-417e0ce441a2</uuidresource>
			<datecreated>Mon, 27 Jun 2005 08:00:00 GMT</datecreated>
			<flags>0</flags>
			<properties>
				<property type="shared">
					<name>image.size</name>
					<value><![CDATA[w:32,h:32]]></value>
				</property>
			</properties>
			<relations/>
			<accesscontrol/>
		</file>
		<file>
			<destination>system/workplace/resources/tools/scheduler/icons/small</destination>
			<type>folder</type>
			<properties/>
		</file>
		<file>
			<source>system/workplace/resources/tools/scheduler/icons/small/scheduler.png</source>
			<destination>system/workplace/resources/tools/scheduler/icons/small/scheduler.png</destination>
			<type>image</type>
			<uuidstructure>d306b0f2-11b7-11db-91cd-fdbae480bac9</uuidstructure>
			<uuidresource>8fa4a969-c92b-11d9-abad-417e0ce441a2</uuidresource>
			<datecreated>Mon, 27 Jun 2005 08:00:00 GMT</datecreated>
			<flags>0</flags>
			<properties>
				<property type="shared">
					<name>image.size</name>
					<value><![CDATA[w:20,h:20]]></value>
				</property>
			</properties>
			<relations/>
			<accesscontrol/>
		</file>
	</files>
</export>