<?xml version="1.0" encoding="UTF-8"?>

<ApolloSections xmlns:xsi="http://www.w3.org/2001/XMLSchema-instance" xsi:noNamespaceSchemaLocation="opencms://system/modules/org.opencms.apollo/schemas/section.xsd">
  <ApolloSection language="en">
    <Headline><![CDATA[Release Notes for OpenCms 8]]></Headline>
    <Text name="Text0">
      <links>
        <link name="link0" internal="true" type="A">
          <target><![CDATA[/sites/default/release/mailing-list/index.html]]></target>
          <uuid>26651f1b-6066-11e5-9199-0242ac11002b</uuid>
        </link>
        <link name="link1" internal="false" type="A">
          <target><![CDATA[http://bugzilla.opencms.org/]]></target>
        </link>
      </links>
      <content><![CDATA[<p>May 9, 2011: This is the initial release of OpenCms 8. OpenCms 8 contains a greatly improved user interface for content managers and numerous other enhancements.</p>
<h2>New Features of OpenCms 8</h2>
<ul>
<li>The "Advanced Direct Edit" mode allows to create page content by drag &amp; drop.</li>
<li>The new sitemap editor allows to create new pages and rearrange the navigation tree by drag &amp; drop.</li>
<li>A multiple file enabled upload dialog all based on HTML replaced the old "Upload Applet".</li>
<li>The new "Content Subscription Engine" allows to inform users when important documents have changed.</li>
<li>The XML content editor now support &lt;xsd:choice&gt; elements.</li>
<li>The new publish dialog supports session based selection of content as well as add/remove of individual resources.</li>
<li>Extended support for creation of content for mobile devices with the &lt;cms:mobile&gt; tag.</li>
<li>A central "Shared Folder" has been added that is available from all sites for sharing content.</li>
<li>JPA support has been added to the database layer, so there's support for 10+ additional databases.</li>
</ul>
<h2>Features of OpenCms in General</h2>
<ul>
<li>"Direct Edit" allows creation and modification of content directly from a web page.</li>
<li>Structured contents can be defined using a simple XML schema.</li>
<li>Includes editors with WYSIWYG and syntax highlighting functionality.</li>
<li>Easy to use "Online / Offline" workflow, changes must be approved before they become visible.</li>
<li>Link management for all internal resources with broken link detection.</li>
<li>Support for WebDAV access to all resources in the OpenCms repository.</li>
<li>Integrated image scaling and cropping.</li>
<li>Full featured internal user management that supports the concept of "Organizational Units" (OUs).</li>
<li>Allows management of multiple websites within one installation.</li>
<li>Contents can be served dynamically or exported to static HTML files.</li>
<li>Extensions can be added through a flexible module system.</li>
<li>Full text search for web pages, but also in PDF, MS Office documents etc.</li>
<li>The "time warp" feature allows to view resources which are expired or not yet released.</li>
<li>JSP integration for dynamic functionality in templates, dynamic forms etc.</li>
<li>Distribution includes a complete demo website "Wonderful World of Flowers".</li>
<li>... and many more</li>
</ul>
<h2>Backward compatibility</h2>
<p>We recommend everyone who uses OpenCms to update to the 8.0.0 release.</p>
<p>OpenCms 8 is fully backward compatible to all prior 7.x versions. Templates and other OpenCms developed code from version 7.0 or 7.5 should work "out of the box" with version 8.</p>
<p>Users of the Alkacon OCEE packages require a new version of Alkacon OCEE for use with this OpenCms release. OpenCms 8 requires Alkacon OCEE version 3 or newer.</p>
<h2>Compatibility with Java versions, Servlet containers and Databases</h2>
<p>OpenCms 8.0 has been written and tested using Java 5 / 6. We have tested only with SUNs version (well actually it's ORACLEs version now) of the JDK. However, OpenCms has no dependencies to sun.* packages so it should in theory run with all compliant JVMs.</p>
<p>We have tested this release on the Tomcat servlet engine. OpenCms works "out of the box" with Tomcat 6.0, which we recommend. Others have reported deploying OpenCms successfully on other servlet containers like JBoss, BEA, Websphere, Glassfish and Resin Professional. We appreciate any feedback regarding other servlet containers.</p>
<p>On the database side, we have tested with MySQL 5.x, Oracle 9.x and Oracle 10.x, as well as PostgreSQL 8.2.x and 7.4.x, MS SQL Server 2000 / 2003, DB2 9.1 and HSQLDB 1.8.0. The automatic update wizard for OpenCms 8 supports MySQL, Oracle and PostgreSQL.</p>
<h2>Regarding version numbers and CVS build tags</h2>
<p>In case you want to check out OpenCms from the CVS, please keep the following in mind: The CVS tag numbers for all OpenCms 8.0 releases are "build_8_0_x", so the 8.0.0 release is tagged "build_8_0_0". Development of maintenance releases is currently done in CVS HEAD.</p>
<h2>How you can help</h2>
<p>Contributions to the OpenCms core development are most welcome. Please contact the core development team on the <a href="%(link0)">opencms-dev</a> mailing list in case you are interested in supporting the development of OpenCms.</p>
<p>Please use our Bugzilla to report bugs in this release: <a href="%(link1)">http://bugzilla.opencms.org/<br /></a></p>
<p> </p>
<p>Thank you for using OpenCms and have fun with OpenCms 8 :-)</p>]]></content>
    </Text>
  </ApolloSection>
</ApolloSections>
