<?xml version="1.0" encoding="UTF-8"?>

<ApolloSections xmlns:xsi="http://www.w3.org/2001/XMLSchema-instance" xsi:noNamespaceSchemaLocation="opencms://system/modules/org.opencms.apollo/schemas/section.xsd">
  <ApolloSection language="en">
    <Headline><![CDATA[Release Notes for OpenCms 9.5]]></Headline>
    <Text name="Text0">
      <links>
        <link name="link0" internal="false" type="A">
          <target><![CDATA[http://www.alkacon.com/contact/]]></target>
        </link>
        <link name="link1" internal="false" type="A">
          <target><![CDATA[https://github.com/alkacon/opencms-core]]></target>
        </link>
        <link name="link2" internal="false" type="A">
          <target><![CDATA[https://github.com/alkacon/opencms-core/pulls]]></target>
        </link>
        <link name="link3" internal="false" type="A">
          <target><![CDATA[https://github.com/alkacon/opencms-core/issues]]></target>
          <query><![CDATA[state=open]]></query>
        </link>
      </links>
      <content><![CDATA[<p>November 3, 2014: Step up to OpenCms 9.5! This version brings template creation without the need to code, plus other features like user generated content, on-the-fly PDF generation, greatly improved documentation and much more - all presented in a responsive demo website based on Bootstrap.</p>
<h2>New in OpenCms 9.5</h2>
<ul>
<li><span class="label label-warning">#</span> Drag &amp; drop template and layout creation with nested containers.</li>
<li><span class="label label-warning">#</span> User generated content for website visitors.</li>
<li><span class="label label-warning">#</span> Editors don't need to access the workplace anymore.</li>
<li><span class="label label-warning">#</span> Managing of galleries, categories and templates in the sitemap editor.</li>
<li><span class="label label-warning">#</span> Greatly enhanced documentation.</li>
<li><span class="label label-warning">#</span> Generate PDF documents on the fly.</li>
<li><span class="label label-warning">#</span> Grid based responsive demo website build with Bootstrap.</li>
<li>Integrated Spell Checker for the WYSIWYG editor component.</li>
<li>New roles for fine grained access to the content management functions.</li>
<li>Element views allow easy grouping and permission setting for content types.</li>
<li>Create, copy or reuse options when using existing contents.</li>
<li>Updated user preferences dialog accessible in the page editor.</li>
</ul>
<p>Items marked with <span class="label label-warning">#</span> are considered important improvements in this version.</p>
<h2>Improved in OpenCms 9.5</h2>
<ul>
<li>Added broadcast messages to be shown in the page editor.</li>
<li>Added feature to generate thumbnail images of PDF documents.</li>
<li>Added option to show historic versions of elements, available in element info dialog.</li>
<li>Added editor visibility handler for content fields in the XSD.</li>
<li>Added locale synchronization for content fields in the XSD.</li>
<li>Added dynamic field handlers for content fields in the XSD.</li>
<li>Added new mappings to generate gallery descriptions in the XSD.</li>
<li>Added "generic locale" for container pages so that elements are valid for all languages.</li>
<li>Added support for CMYK .jpg images.</li>
<li>Added thumbnail size display options for images galleries.</li>
<li>Added option to run a script with CmsShell commands on module import.</li>
<li>Updated to latest version of TinyMCE.</li>
<li>Improved password encryption with strong scrypt algorithm.</li>
<li>Improved screen usage, dialog adjusts to available screen size.</li>
<li>Improved publishing dialog, especially for thousands of resources.</li>
<li>Improved user preferences definition to be flexible instead of hard coded.</li>
<li>Improved status information for new or changed elements in the gallery lists.</li>
<li>Improved collector list edit points to have a full set of options.</li>
<li>Improved result lists displayed in ADE to show more infos and options.</li>
<li>Removed default group "Projectmanagers", use the PROJECT_MANAGER role instead if required.</li>
<li>Fixed issue with checking "secure" property for resources in some cases.</li>
<li>Fixed issues with duplicate elements in inheritance groups.</li>
<li>Fixed several issues in the default link substitution handler.</li>
<li>Fixed issue with wrong resource filter usage during the relation check before deleting sitemap entries.</li>
<li>Fixed issue with 'subsite' search scope in the gallery dialog not working correctly.</li>
<li>Fixed issue with order of settings from formatter configuration not being used.</li>
<li>Fixed issue with detail containers if detail contents and detail page are located in different sites.</li>
<li>Fixed issue with detail links where the detail content was located in a different site.</li>
<li>Fixed issue with redirection to secure site for detail pages.</li>
<li>Fixed issue with incorrect wildcard handling on SMB network shares.</li>
<li>Fixed issue with file copying on SMB network shares.</li>
<li>Fixed issue with scrollbar not appearing for text area widget if very long lines without spaces were entered.</li>
<li>Fixed issue with creating files in expired folders.</li>
<li>Fixed issue with head includes not working correctly for container elements in some cases.</li>
<li>Fixed issue with editor CSS handler related to changed template provider configuration syntax.</li>
<li>Fixed issue with handling of locale-available property in the editor.</li>
<li>Fixed issue with the editor calendar display in some environments.</li>
<li>Fixed issue with the editor VFS file widget configuration.</li>
<li>Fixed caching issue with XML message bundles.</li>
<li>Fixed caching issue with default template context provider.</li>
<li>Fixed search filtering for the search scope "Everything".</li>
<li>Fixed issue with link handling for detail contents in HTML fields.</li>
<li>Fixed issue with container page search indexing.</li>
<li>Fixed issue #192 where the HTML cleanup inserted invalid characters.</li>
<li>Fixed issue #203 where source search was referring to a non existing constant.</li>
<li>Fixed issue #205 where message bundles were accessed without locale.</li>
</ul>
<h2>General OpenCms features</h2>
<ul>
<li>The page editor allows WYSIWYG inline editing of web pages and arrangement of content by drag &amp; drop.</li>
<li>The form based editor allows editing of structured content in a well defined form mask.</li>
<li>The sitemap editor allows to create new pages and re-arrange the navigation tree by drag &amp; drop.</li>
<li>Responsive demo template based on Bootstrap 3.</li>
<li>Content creation for mobile devices with preview and device specific content control.</li>
<li>Structured contents can be defined using a simple XML schema.</li>
<li>Easy to use "Online / Offline" workflow, changes must be approved before they become visible.</li>
<li>Link management for all internal resources with broken link detection.</li>
<li>Integrated image scaling and cropping.</li>
<li>SEO features with automatic sitemap.xml generation and page alias support.</li>
<li>Full featured user management that supports the concept of "Organizational Units" (OUs).</li>
<li>Allows management of multiple websites within one installation.</li>
<li>Contents can be served dynamically or exported to static HTML files.</li>
<li>Direct access to the OpenCms content repository over a shared network drive.</li>
<li>CMIS and WebDAV access to the OpenCms content repository.</li>
<li>Integrates Apache SOLR for powerful content searching and noSQL like queries.</li>
<li>Full text search for web pages as well as in office documents like PDF, MS Office and Open Office.</li>
<li>Extensions can be added through a flexible module system.</li>
<li>The "time warp" feature allows to view resources which are expired or not yet released.</li>
<li>JSP integration for dynamic functionality in templates, dynamic forms etc.</li>
<li>... and many more</li>
</ul>
<h3>Backward compatibility</h3>
<p>OpenCms 9.5 is fully backward compatible with all 8.x and 9.0.x versions. Templates and other OpenCms developed code from these versions should work "out of the box" with version 9.5.</p>
<p><span class="label label-danger">Notice for users of Alkacon OCEE</span> OpenCms 9.5 requires a new version of Alkacon OCEE. The update is free for Alkacon customers with a valid OCEE update subscription. <a href="%(link0)" target="_blank">Please contact Alkacon </a>to receive the new version. </p>
<h3>Compatibility with Java versions, servlet containers and databases</h3>
<p>OpenCms 9.5 has been written and tested for Java 6 and 7. We have tested with ORACLEs JDK as well as OpenJDK. OpenCms should run with all compliant JVMs.</p>
<p>We have tested this release on the Tomcat servlet engine. OpenCms works "out of the box" with Tomcat 7, which we recommend. Others have reported deploying OpenCms successfully on other servlet containers like JBoss, BEA, Websphere, Glassfish and Resin Professional.</p>
<p>On the database side, we have tested with MySQL, Oracle, PostgreSQL, MS SQL Server, DB2 and HSQLDB.</p>
<h3>Regarding version numbers and build tags</h3>
<p>The main OpenCms Git repository is available on Github at <a href="%(link1)" target="_blank">github.com/alkacon/opencms-core</a>.</p>
<p>In case you want to get the most current OpenCms 9.5 sources from Git, please check out <span class="label label-info">branch_9_5_x</span>. The 9.5.0 release is tagged <span class="label label-info">build_9_5_0</span>.</p>
<h3>How you can help</h3>
<p>Contributions to the OpenCms core development are most welcome. <a href="%(link2)" target="_blank">Please send us your pull requests directly on GitHub.</a></p>
<p>Please report issues found in OpenCms using <a href="%(link3)" target="_blank">our GitHub issue tracker</a>.</p>
<p>Thank you for using OpenCms and have fun with OpenCms 9.5 :-)</p>]]></content>
    </Text>
  </ApolloSection>
</ApolloSections>
