<?xml version="1.0" encoding="UTF-8"?>

<export>
	<info>
		<infoproject>Offline</infoproject>
		<export_version>10</export_version>
	</info>
	<module>
		<name>org.opencms.apollo.template.shariff</name>
		<nicename><![CDATA[Apollo Template Shariff]]></nicename>
		<group>Apollo Template</group>
		<class/>
		<import-site>/</import-site>
		<export-mode name="reduced"/>
		<description><![CDATA[The OpenCms 10 Apollo template extension for social media buttons using Shariff.]]></description>
		<version>10.5.0</version>
		<authorname><![CDATA[Alkacon Software GmbH]]></authorname>
		<authoremail/>
		<datecreated/>
		<userinstalled/>
		<dateinstalled/>
		<dependencies>
			<dependency name="org.opencms.apollo.template.core" version="10.5.0"/>
		</dependencies>
		<exportpoints/>
		<resources>
			<resource uri="/system/modules/org.opencms.apollo.template.shariff/"/>
			<resource uri="/system/workplace/resources/filetypes/a-shariff.png"/>
			<resource uri="/system/workplace/resources/filetypes/a-shariff_big.png"/>
			<resource uri="/system/modules/org.opencms.apollo/formatters/shariff.jsp"/>
			<resource uri="/system/modules/org.opencms.apollo/formatters/shariff.xml"/>
			<resource uri="/system/modules/org.opencms.apollo/i18n/org.opencms.apollo.template.schemas.shariff"/>
			<resource uri="/system/modules/org.opencms.apollo/i18n/org.opencms.apollo.template.shariff.messages"/>
			<resource uri="/system/modules/org.opencms.apollo/resources/shariff-extensions.css"/>
			<resource uri="/system/modules/org.opencms.apollo/resources/shariff.complete.css"/>
			<resource uri="/system/modules/org.opencms.apollo/resources/shariff.complete.js"/>
			<resource uri="/system/modules/org.opencms.apollo/resources/shariff.min.css"/>
			<resource uri="/system/modules/org.opencms.apollo/resources/shariff.min.js"/>
			<resource uri="/system/modules/org.opencms.apollo/schemas/shariff.xsd"/>
			<resource uri="/system/modules/org.opencms.apollo/schemas/nested/mailconfigchoice.xsd"/>
			<resource uri="/system/modules/org.opencms.apollo/schemas/nested/mailconfigchoicemail.xsd"/>
		</resources>
		<excluderesources/>
		<parameters/>
		<resourcetypes>
			<type class="org.opencms.file.types.CmsResourceTypeXmlContent" name="a-shariff" id="466">
				<param name="schema">/system/modules/org.opencms.apollo/schemas/shariff.xsd</param>
			</type>
		</resourcetypes>
		<explorertypes>
			<explorertype name="a-shariff" key="fileicon.a-shariff" icon="a-shariff.png" bigicon="a-shariff_big.png" reference="xmlcontent">
				<newresource page="structurecontent" uri="newresource_xmlcontent.jsp?newresourcetype=a-shariff" order="10" autosetnavigation="false" autosettitle="false" info="desc.a-shariff" key="title.a-shariff"/>
			</explorertype>
		</explorertypes>
	</module>
	<files>
		<file>
			<destination>system</destination>
			<type>folder</type>
			<properties/>
		</file>
		<file>
			<destination>system/modules</destination>
			<type>folder</type>
			<properties/>
		</file>
		<file>
			<destination>system/modules/org.opencms.apollo.template.shariff</destination>
			<type>folder</type>
			<uuidstructure>5541ce88-0d11-11e6-8fbd-0242ac11002b</uuidstructure>
			<datecreated>Thu, 28 Apr 2016 07:17:57 GMT</datecreated>
			<flags>0</flags>
			<properties/>
			<relations/>
			<accesscontrol/>
		</file>
		<file>
			<source>system/modules/org.opencms.apollo.template.shariff/.config</source>
			<destination>system/modules/org.opencms.apollo.template.shariff/.config</destination>
			<type>module_config</type>
			<uuidstructure>79dbd02b-0d12-11e6-8fbd-0242ac11002b</uuidstructure>
			<uuidresource>79dbd02c-0d12-11e6-8fbd-0242ac11002b</uuidresource>
			<datecreated>Thu, 28 Apr 2016 07:26:08 GMT</datecreated>
			<flags>0</flags>
			<properties>
				<property>
					<name>locale</name>
					<value><![CDATA[en]]></value>
				</property>
				<property>
					<name>locale-available</name>
					<value><![CDATA[en]]></value>
				</property>
				<property>
					<name>search.exclude</name>
					<value><![CDATA[all]]></value>
				</property>
			</properties>
			<relations/>
			<accesscontrol/>
		</file>
		<file>
			<destination>system/modules/org.opencms.apollo</destination>
			<type>folder</type>
			<properties/>
		</file>
		<file>
			<destination>system/modules/org.opencms.apollo/formatters</destination>
			<type>folder</type>
			<properties/>
		</file>
		<file>
			<source>system/modules/org.opencms.apollo/formatters/shariff.jsp</source>
			<destination>system/modules/org.opencms.apollo/formatters/shariff.jsp</destination>
			<type>jsp</type>
			<uuidstructure>79ca6b02-0d12-11e6-8fbd-0242ac11002b</uuidstructure>
			<uuidresource>79ca6b03-0d12-11e6-8fbd-0242ac11002b</uuidresource>
			<datecreated>Thu, 28 Apr 2016 07:26:08 GMT</datecreated>
			<flags>0</flags>
			<properties>
				<property>
					<name>Title</name>
					<value><![CDATA[Formatter JSP for Shariff Social Media]]></value>
				</property>
				<property>
					<name>cache</name>
					<value><![CDATA[container-element;locale]]></value>
				</property>
				<property type="shared">
					<name>export</name>
					<value><![CDATA[false]]></value>
				</property>
			</properties>
			<relations/>
			<accesscontrol/>
		</file>
		<file>
			<source>system/modules/org.opencms.apollo/formatters/shariff.xml</source>
			<destination>system/modules/org.opencms.apollo/formatters/shariff.xml</destination>
			<type>formatter_config</type>
			<uuidstructure>79cf25f5-0d12-11e6-8fbd-0242ac11002b</uuidstructure>
			<uuidresource>79cf25f6-0d12-11e6-8fbd-0242ac11002b</uuidresource>
			<datecreated>Thu, 28 Apr 2016 07:26:08 GMT</datecreated>
			<flags>0</flags>
			<properties>
				<property>
					<name>Title</name>
					<value><![CDATA[Shariff Social media]]></value>
				</property>
				<property>
					<name>locale</name>
					<value><![CDATA[en]]></value>
				</property>
				<property>
					<name>locale-available</name>
					<value><![CDATA[en]]></value>
				</property>
				<property>
					<name>search.exclude</name>
					<value><![CDATA[all]]></value>
				</property>
			</properties>
			<relations/>
			<accesscontrol/>
		</file>
		<file>
			<destination>system/modules/org.opencms.apollo/i18n</destination>
			<type>folder</type>
			<properties/>
		</file>
		<file>
			<source>system/modules/org.opencms.apollo/i18n/org.opencms.apollo.template.schemas.shariff</source>
			<destination>system/modules/org.opencms.apollo/i18n/org.opencms.apollo.template.schemas.shariff</destination>
			<type>xmlvfsbundle</type>
			<uuidstructure>a64e9042-1d04-11e6-8630-0242ac11002b</uuidstructure>
			<uuidresource>a64e9043-1d04-11e6-8630-0242ac11002b</uuidresource>
			<datecreated>Wed, 18 May 2016 14:27:28 GMT</datecreated>
			<flags>0</flags>
			<properties>
				<property>
					<name>content-encoding</name>
					<value><![CDATA[ISO-8859-1]]></value>
				</property>
				<property>
					<name>search.exclude</name>
					<value><![CDATA[all]]></value>
				</property>
			</properties>
			<relations/>
			<accesscontrol/>
		</file>
		<file>
			<source>system/modules/org.opencms.apollo/i18n/org.opencms.apollo.template.shariff.messages</source>
			<destination>system/modules/org.opencms.apollo/i18n/org.opencms.apollo.template.shariff.messages</destination>
			<type>xmlvfsbundle</type>
			<uuidstructure>79c2068f-0d12-11e6-8fbd-0242ac11002b</uuidstructure>
			<uuidresource>79c20690-0d12-11e6-8fbd-0242ac11002b</uuidresource>
			<datecreated>Thu, 28 Apr 2016 07:26:08 GMT</datecreated>
			<flags>0</flags>
			<properties>
				<property>
					<name>content-encoding</name>
					<value><![CDATA[ISO-8859-1]]></value>
				</property>
				<property>
					<name>search.exclude</name>
					<value><![CDATA[all]]></value>
				</property>
			</properties>
			<relations/>
			<accesscontrol/>
		</file>
		<file>
			<destination>system/modules/org.opencms.apollo/resources</destination>
			<type>folder</type>
			<properties/>
		</file>
		<file>
			<source>system/modules/org.opencms.apollo/resources/shariff-extensions.css</source>
			<destination>system/modules/org.opencms.apollo/resources/shariff-extensions.css</destination>
			<type>plain</type>
			<uuidstructure>b48be453-4a73-11e6-b9a4-0242ac11002b</uuidstructure>
			<uuidresource>b48be454-4a73-11e6-b9a4-0242ac11002b</uuidresource>
			<datecreated>Fri, 15 Jul 2016 10:05:49 GMT</datecreated>
			<flags>0</flags>
			<properties/>
			<relations/>
			<accesscontrol/>
		</file>
		<file>
			<source>system/modules/org.opencms.apollo/resources/shariff.complete.css</source>
			<destination>system/modules/org.opencms.apollo/resources/shariff.complete.css</destination>
			<type>plain</type>
			<uuidstructure>528db2ae-1cf2-11e6-8fbd-0242ac11002b</uuidstructure>
			<uuidresource>528db2af-1cf2-11e6-8fbd-0242ac11002b</uuidresource>
			<datecreated>Wed, 18 May 2016 12:16:17 GMT</datecreated>
			<flags>0</flags>
			<properties/>
			<relations/>
			<accesscontrol/>
		</file>
		<file>
			<source>system/modules/org.opencms.apollo/resources/shariff.complete.js</source>
			<destination>system/modules/org.opencms.apollo/resources/shariff.complete.js</destination>
			<type>plain</type>
			<uuidstructure>5291f871-1cf2-11e6-8fbd-0242ac11002b</uuidstructure>
			<uuidresource>5291f872-1cf2-11e6-8fbd-0242ac11002b</uuidresource>
			<datecreated>Wed, 18 May 2016 12:16:17 GMT</datecreated>
			<flags>0</flags>
			<properties/>
			<relations/>
			<accesscontrol/>
		</file>
		<file>
			<source>system/modules/org.opencms.apollo/resources/shariff.min.css</source>
			<destination>system/modules/org.opencms.apollo/resources/shariff.min.css</destination>
			<type>plain</type>
			<uuidstructure>5295c904-1cf2-11e6-8fbd-0242ac11002b</uuidstructure>
			<uuidresource>5295c905-1cf2-11e6-8fbd-0242ac11002b</uuidresource>
			<datecreated>Wed, 18 May 2016 12:16:17 GMT</datecreated>
			<flags>0</flags>
			<properties/>
			<relations/>
			<accesscontrol/>
		</file>
		<file>
			<source>system/modules/org.opencms.apollo/resources/shariff.min.js</source>
			<destination>system/modules/org.opencms.apollo/resources/shariff.min.js</destination>
			<type>plain</type>
			<uuidstructure>5298d647-1cf2-11e6-8fbd-0242ac11002b</uuidstructure>
			<uuidresource>5298d648-1cf2-11e6-8fbd-0242ac11002b</uuidresource>
			<datecreated>Wed, 18 May 2016 12:16:17 GMT</datecreated>
			<flags>0</flags>
			<properties/>
			<relations/>
			<accesscontrol/>
		</file>
		<file>
			<destination>system/modules/org.opencms.apollo/schemas</destination>
			<type>folder</type>
			<properties/>
		</file>
		<file>
			<destination>system/modules/org.opencms.apollo/schemas/nested</destination>
			<type>folder</type>
			<properties/>
		</file>
		<file>
			<source>system/modules/org.opencms.apollo/schemas/nested/mailconfigchoice.xsd</source>
			<destination>system/modules/org.opencms.apollo/schemas/nested/mailconfigchoice.xsd</destination>
			<type>plain</type>
			<uuidstructure>f5ca5e77-4a78-11e6-b9a4-0242ac11002b</uuidstructure>
			<uuidresource>f5ca5e78-4a78-11e6-b9a4-0242ac11002b</uuidresource>
			<datecreated>Fri, 15 Jul 2016 10:43:26 GMT</datecreated>
			<flags>0</flags>
			<properties>
				<property>
					<name>Title</name>
					<value><![CDATA[Nested XSD for email configuration options]]></value>
				</property>
			</properties>
			<relations/>
			<accesscontrol/>
		</file>
		<file>
			<source>system/modules/org.opencms.apollo/schemas/nested/mailconfigchoicemail.xsd</source>
			<destination>system/modules/org.opencms.apollo/schemas/nested/mailconfigchoicemail.xsd</destination>
			<type>plain</type>
			<uuidstructure>475e7699-4a79-11e6-b9a4-0242ac11002b</uuidstructure>
			<uuidresource>475e769a-4a79-11e6-b9a4-0242ac11002b</uuidresource>
			<datecreated>Fri, 15 Jul 2016 10:45:43 GMT</datecreated>
			<flags>0</flags>
			<properties>
				<property>
					<name>Title</name>
					<value><![CDATA[Nested XSD for mailto settings]]></value>
				</property>
			</properties>
			<relations/>
			<accesscontrol/>
		</file>
		<file>
			<source>system/modules/org.opencms.apollo/schemas/shariff.xsd</source>
			<destination>system/modules/org.opencms.apollo/schemas/shariff.xsd</destination>
			<type>plain</type>
			<uuidstructure>79ad6d12-0d12-11e6-8fbd-0242ac11002b</uuidstructure>
			<uuidresource>79ad6d13-0d12-11e6-8fbd-0242ac11002b</uuidresource>
			<datecreated>Thu, 28 Apr 2016 07:26:08 GMT</datecreated>
			<flags>0</flags>
			<properties>
				<property>
					<name>Title</name>
					<value><![CDATA[XSD for Shariff Social Media]]></value>
				</property>
			</properties>
			<relations/>
			<accesscontrol/>
		</file>
		<file>
			<destination>system/workplace</destination>
			<type>folder</type>
			<properties/>
		</file>
		<file>
			<destination>system/workplace/resources</destination>
			<type>folder</type>
			<properties/>
		</file>
		<file>
			<destination>system/workplace/resources/filetypes</destination>
			<type>folder</type>
			<properties/>
		</file>
		<file>
			<source>system/workplace/resources/filetypes/a-shariff.png</source>
			<destination>system/workplace/resources/filetypes/a-shariff.png</destination>
			<type>image</type>
			<uuidstructure>79b49905-0d12-11e6-8fbd-0242ac11002b</uuidstructure>
			<uuidresource>79b49906-0d12-11e6-8fbd-0242ac11002b</uuidresource>
			<datecreated>Thu, 28 Apr 2016 07:26:08 GMT</datecreated>
			<flags>0</flags>
			<properties>
				<property type="shared">
					<name>image.size</name>
					<value><![CDATA[w:16,h:16]]></value>
				</property>
			</properties>
			<relations/>
			<accesscontrol/>
		</file>
		<file>
			<source>system/workplace/resources/filetypes/a-shariff_big.png</source>
			<destination>system/workplace/resources/filetypes/a-shariff_big.png</destination>
			<type>image</type>
			<uuidstructure>79b905d9-0d12-11e6-8fbd-0242ac11002b</uuidstructure>
			<uuidresource>79b905da-0d12-11e6-8fbd-0242ac11002b</uuidresource>
			<datecreated>Thu, 28 Apr 2016 07:26:08 GMT</datecreated>
			<flags>0</flags>
			<properties>
				<property type="shared">
					<name>image.size</name>
					<value><![CDATA[w:24,h:24]]></value>
				</property>
			</properties>
			<relations/>
			<accesscontrol/>
		</file>
	</files>
</export>
