<?xml version="1.0" encoding="UTF-8"?>

<ApolloFaqs xmlns:xsi="http://www.w3.org/2001/XMLSchema-instance" xsi:noNamespaceSchemaLocation="opencms://system/modules/org.opencms.apollo/schemas/faq.xsd">
  <ApolloFaq language="en">
    <Question><![CDATA[How do you know when you have run out of invisible ink? ]]></Question>
    <Date>1472717953688</Date>
    <Order><![CDATA[650]]></Order>
    <Paragraph>
      <Text name="Text0">
        <links/>
        <content><![CDATA[<p>Can you say peter piper picked a peck of pickeled peppers. If peter piper picked a peck of pickeled peppers, how many pickled peppers did peter piper pick?</p>
<p>Etiam rhoncus. Maecenas tempus, tellus eget condimentum rhoncus, sem quam semper libero, sit amet adipiscing sem neque sed ipsum. Nam quam nunc, blandit vel, luctus pulvinar, hendrerit id, lorem. Maecenas nec odio et ante tincidunt tempus.</p>]]></content>
      </Text>
      <Image>
        <Image>
          <link type="WEAK">
            <target><![CDATA[/sites/default/.galleries/samples/52.jpg]]></target>
            <uuid>e00b8972-7047-11e6-9a42-0242ac11002b</uuid>
          </link>
        </Image>
        <Copyright><![CDATA[CC0 Public Domain / Pixabay.com]]></Copyright>
      </Image>
    </Paragraph>
    <Category>
      <!--Categories are read dynamically-->
    </Category>
    <GalleryTitle><![CDATA[%(value:Question)]]></GalleryTitle>
  </ApolloFaq>
</ApolloFaqs>
