<?xml version="1.0" encoding="UTF-8"?>

<ApolloFaqs xmlns:xsi="http://www.w3.org/2001/XMLSchema-instance" xsi:noNamespaceSchemaLocation="opencms://system/modules/org.opencms.apollo/schemas/faq.xsd">
  <ApolloFaq language="en">
    <Question><![CDATA[What is the Apollo Template?]]></Question>
    <Date>1472718823214</Date>
    <Order><![CDATA[600]]></Order>
    <Paragraph>
      <Headline><![CDATA[It's a customizable, responsive website template based on Bootstrap!]]></Headline>
      <Text name="Text0">
        <links/>
        <content><![CDATA[<p>Donec vitae sapien ut libero venenatis faucibus. Nullam quis ante. Etiam sit amet orci eget eros faucibus tincidunt. Duis leo. Sed fringilla mauris sit amet nibh.</p>
<p>Nulla consequat massa quis enim. Donec pede justo, fringilla vel, aliquet nec, vulputate eget, arcu. In enim justo, rhoncus ut, imperdiet a, venenatis vitae, justo.</p>]]></content>
      </Text>
      <Image>
        <Image>
          <link type="WEAK">
            <target><![CDATA[/sites/default/.galleries/samples/36.jpg]]></target>
            <uuid>b70f1bd7-4785-11e3-ba23-000c29d28104</uuid>
          </link>
        </Image>
        <Copyright><![CDATA[CC0 Public Domain / Pixabay.com]]></Copyright>
      </Image>
    </Paragraph>
    <Category>
      <!--Categories are read dynamically-->
    </Category>
  </ApolloFaq>
</ApolloFaqs>
