<?xml version="1.0" encoding="UTF-8"?>

<ApolloFaqs xmlns:xsi="http://www.w3.org/2001/XMLSchema-instance" xsi:noNamespaceSchemaLocation="opencms://system/modules/org.opencms.apollo/schemas/faq.xsd">
  <ApolloFaq language="en">
    <Question><![CDATA[If a fork is made of gold is it still considered as silverware?]]></Question>
    <Date>1470034800000</Date>
    <Order><![CDATA[550]]></Order>
    <Paragraph>
      <Text name="Text0">
        <links/>
        <content><![CDATA[<p>In enim justo, rhoncus ut, imperdiet a, venenatis vitae, justo. Nullam dictum felis eu pede mollis pretium. Integer tincidunt. Cras dapibus. Vivamus elementum semper nisi. Aenean vulputate eleifend tellus.</p>
<p>Aenean leo ligula, porttitor eu, consequat vitae, eleifend ac, enim. Aliquam lorem ante, dapibus in, viverra quis, feugiat a, tellus.</p>]]></content>
      </Text>
      <Image>
        <Image>
          <link type="WEAK">
            <target><![CDATA[/sites/default/.galleries/samples/51.jpg]]></target>
            <uuid>38e0e3bc-7047-11e6-9a42-0242ac11002b</uuid>
          </link>
        </Image>
        <Copyright><![CDATA[CC0 Public Domain / Pixabay.com]]></Copyright>
      </Image>
      <Link>
        <Text><![CDATA[More information]]></Text>
        <URI>
          <link internal="false" type="WEAK">
            <target><![CDATA[https://en.wikipedia.org/wiki/Household_silver]]></target>
          </link>
        </URI>
        <NewWindow>true</NewWindow>
      </Link>
    </Paragraph>
    <Category>
      <!--Categories are read dynamically-->
    </Category>
    <GalleryTitle><![CDATA[%(value:Question)]]></GalleryTitle>
  </ApolloFaq>
</ApolloFaqs>
