<?xml version="1.0" encoding="UTF-8"?>

<export>
	<info>
		<infoproject>Offline</infoproject>
		<export_version>10</export_version>
	</info>
	<module>
		<name>org.opencms.apollo.template.disqus</name>
		<nicename><![CDATA[Apollo Template Disqus]]></nicename>
		<group>Apollo Template</group>
		<class/>
		<import-site>/</import-site>
		<export-mode name="reduced"/>
		<description><![CDATA[The OpenCms 10 Apollo template extension for disqus integration.]]></description>
		<version>10.5.0</version>
		<authorname><![CDATA[Alkacon Software GmbH]]></authorname>
		<authoremail/>
		<datecreated/>
		<userinstalled/>
		<dateinstalled/>
		<dependencies>
			<dependency name="org.opencms.apollo.template.core" version="10.5.0"/>
		</dependencies>
		<exportpoints/>
		<resources>
			<resource uri="/system/modules/org.opencms.apollo/functions/disqus-load.xml"/>
			<resource uri="/system/modules/org.opencms.apollo/functions/disqus.jsp"/>
			<resource uri="/system/modules/org.opencms.apollo/functions/disqus.xml"/>
			<resource uri="/system/modules/org.opencms.apollo/i18n/org.opencms.apollo.template.schemas.disqus"/>
			<resource uri="/system/workplace/resources/filetypes/a-disqus.png"/>
			<resource uri="/system/workplace/resources/filetypes/a-disqus_big.png"/>
		</resources>
		<excluderesources/>
		<parameters/>
	</module>
	<files>
		<file>
			<destination>system</destination>
			<type>folder</type>
			<properties/>
		</file>
		<file>
			<destination>system/modules</destination>
			<type>folder</type>
			<properties/>
		</file>
		<file>
			<destination>system/modules/org.opencms.apollo</destination>
			<type>folder</type>
			<properties/>
		</file>
		<file>
			<destination>system/modules/org.opencms.apollo/functions</destination>
			<type>folder</type>
			<properties/>
		</file>
		<file>
			<source>system/modules/org.opencms.apollo/functions/disqus-load.xml</source>
			<destination>system/modules/org.opencms.apollo/functions/disqus-load.xml</destination>
			<type>function</type>
			<uuidstructure>089d4a4d-0d1c-11e6-8fbd-0242ac11002b</uuidstructure>
			<uuidresource>089d4a4e-0d1c-11e6-8fbd-0242ac11002b</uuidresource>
			<datecreated>Thu, 28 Apr 2016 08:34:33 GMT</datecreated>
			<flags>0</flags>
			<properties>
				<property>
					<name>Description</name>
					<value><![CDATA[With this function, pages and articles can be commented using the Disqus service.]]></value>
				</property>
				<property>
					<name>Title</name>
					<value><![CDATA[Disqus Comments (load after click)]]></value>
				</property>
			</properties>
			<relations/>
			<accesscontrol/>
		</file>
		<file>
			<source>system/modules/org.opencms.apollo/functions/disqus.jsp</source>
			<destination>system/modules/org.opencms.apollo/functions/disqus.jsp</destination>
			<type>jsp</type>
			<uuidstructure>1d12162c-0c45-11e6-bbac-0242ac11002b</uuidstructure>
			<uuidresource>1d12162d-0c45-11e6-bbac-0242ac11002b</uuidresource>
			<datecreated>Wed, 27 Apr 2016 06:56:06 GMT</datecreated>
			<flags>0</flags>
			<properties>
				<property>
					<name>Title</name>
					<value><![CDATA[Function JSP for Disqus comments]]></value>
				</property>
				<property>
					<name>cache</name>
					<value><![CDATA[container-element;locale;params=(clicktoload)]]></value>
				</property>
				<property type="shared">
					<name>export</name>
					<value><![CDATA[false]]></value>
				</property>
			</properties>
			<relations/>
			<accesscontrol/>
		</file>
		<file>
			<source>system/modules/org.opencms.apollo/functions/disqus.xml</source>
			<destination>system/modules/org.opencms.apollo/functions/disqus.xml</destination>
			<type>function</type>
			<uuidstructure>ac695695-0c45-11e6-bbac-0242ac11002b</uuidstructure>
			<uuidresource>ac695696-0c45-11e6-bbac-0242ac11002b</uuidresource>
			<datecreated>Wed, 27 Apr 2016 07:00:06 GMT</datecreated>
			<flags>0</flags>
			<properties>
				<property>
					<name>Description</name>
					<value><![CDATA[With this function, pages and articles can be commented using the Disqus service.]]></value>
				</property>
				<property>
					<name>Title</name>
					<value><![CDATA[Disqus Comments]]></value>
				</property>
			</properties>
			<relations/>
			<accesscontrol/>
		</file>
		<file>
			<destination>system/modules/org.opencms.apollo/i18n</destination>
			<type>folder</type>
			<properties/>
		</file>
		<file>
			<source>system/modules/org.opencms.apollo/i18n/org.opencms.apollo.template.schemas.disqus</source>
			<destination>system/modules/org.opencms.apollo/i18n/org.opencms.apollo.template.schemas.disqus</destination>
			<type>xmlvfsbundle</type>
			<uuidstructure>25d1986e-0b9e-11e6-b009-0242ac11002b</uuidstructure>
			<uuidresource>25d1986f-0b9e-11e6-b009-0242ac11002b</uuidresource>
			<datecreated>Tue, 26 Apr 2016 11:00:54 GMT</datecreated>
			<flags>0</flags>
			<properties>
				<property>
					<name>content-encoding</name>
					<value><![CDATA[ISO-8859-1]]></value>
				</property>
				<property>
					<name>search.exclude</name>
					<value><![CDATA[all]]></value>
				</property>
			</properties>
			<relations/>
			<accesscontrol/>
		</file>
		<file>
			<destination>system/workplace</destination>
			<type>folder</type>
			<properties/>
		</file>
		<file>
			<destination>system/workplace/resources</destination>
			<type>folder</type>
			<properties/>
		</file>
		<file>
			<destination>system/workplace/resources/filetypes</destination>
			<type>folder</type>
			<properties/>
		</file>
		<file>
			<source>system/workplace/resources/filetypes/a-disqus.png</source>
			<destination>system/workplace/resources/filetypes/a-disqus.png</destination>
			<type>image</type>
			<uuidstructure>be6a10ed-0b9a-11e6-b009-0242ac11002b</uuidstructure>
			<uuidresource>be6a10ee-0b9a-11e6-b009-0242ac11002b</uuidresource>
			<datecreated>Tue, 26 Apr 2016 10:36:32 GMT</datecreated>
			<flags>0</flags>
			<properties>
				<property type="shared">
					<name>image.size</name>
					<value><![CDATA[w:16,h:16]]></value>
				</property>
			</properties>
			<relations/>
			<accesscontrol/>
		</file>
		<file>
			<source>system/workplace/resources/filetypes/a-disqus_big.png</source>
			<destination>system/workplace/resources/filetypes/a-disqus_big.png</destination>
			<type>image</type>
			<uuidstructure>be6e0891-0b9a-11e6-b009-0242ac11002b</uuidstructure>
			<uuidresource>be6e0892-0b9a-11e6-b009-0242ac11002b</uuidresource>
			<datecreated>Tue, 26 Apr 2016 10:36:32 GMT</datecreated>
			<flags>0</flags>
			<properties>
				<property type="shared">
					<name>image.size</name>
					<value><![CDATA[w:24,h:24]]></value>
				</property>
			</properties>
			<relations/>
			<accesscontrol/>
		</file>
	</files>
</export>
