<?xml version="1.0" encoding="UTF-8"?>

<AlkaconContainerPages xmlns:xsi="http://www.w3.org/2001/XMLSchema-instance" xsi:noNamespaceSchemaLocation="opencms://system/modules/org.opencms.ade.containerpage/schemas/container_page.xsd">
  <AlkaconContainerPage language="en">
    <Containers>
      <Name><![CDATA[581c3846-6ebc-11e6-9a42-0242ac11002b-c1]]></Name>
      <Type><![CDATA[row]]></Type>
      <ParentInstanceId><![CDATA[581c3846-6ebc-11e6-9a42-0242ac11002b]]></ParentInstanceId>
      <Elements>
        <Uri>
          <link type="STRONG">
            <target><![CDATA[/sites/default/apollo-demo/.content/templaterows/tr_00003.xml]]></target>
            <uuid>6c8a82a9-eb91-11e5-8519-0242ac11002b</uuid>
          </link>
        </Uri>
        <Formatter>
          <link type="STRONG">
            <target><![CDATA[/system/modules/org.opencms.apollo/formatters/layoutrow.jsp]]></target>
            <uuid>d652a05d-523d-11e5-9495-0242ac11002b</uuid>
          </link>
        </Formatter>
        <Properties>
          <Name><![CDATA[element_instance_id]]></Name>
          <Value>
            <String><![CDATA[d7f10bc2-7028-11e6-9a42-0242ac11002b]]></String>
          </Value>
        </Properties>
        <Properties>
          <Name><![CDATA[formatterSettings#581c3846-6ebc-11e6-9a42-0242ac11002b-c1]]></Name>
          <Value>
            <String><![CDATA[d65670f0-523d-11e5-9495-0242ac11002b]]></String>
          </Value>
        </Properties>
      </Elements>
    </Containers>
    <Containers>
      <Name><![CDATA[d7f10bc2-7028-11e6-9a42-0242ac11002b-c1]]></Name>
      <Type><![CDATA[element]]></Type>
      <ParentInstanceId><![CDATA[d7f10bc2-7028-11e6-9a42-0242ac11002b]]></ParentInstanceId>
      <Elements>
        <Uri>
          <link type="STRONG">
            <target><![CDATA[/sites/default/apollo-demo/.content/maps/m_00007.xml]]></target>
            <uuid>6f3e171f-6294-11e5-bcba-0242ac11002b</uuid>
          </link>
        </Uri>
        <Formatter>
          <link type="STRONG">
            <target><![CDATA[/system/modules/org.opencms.apollo/formatters/map.jsp]]></target>
            <uuid>305620a9-5ad6-11e5-a17e-0242ac11002b</uuid>
          </link>
        </Formatter>
        <Properties>
          <Name><![CDATA[element_instance_id]]></Name>
          <Value>
            <String><![CDATA[006c3489-7029-11e6-9a42-0242ac11002b]]></String>
          </Value>
        </Properties>
        <Properties>
          <Name><![CDATA[hidetitle]]></Name>
          <Value>
            <String><![CDATA[true]]></String>
          </Value>
        </Properties>
        <Properties>
          <Name><![CDATA[formatterSettings#d7f10bc2-7028-11e6-9a42-0242ac11002b-c1]]></Name>
          <Value>
            <String><![CDATA[305b02ac-5ad6-11e5-a17e-0242ac11002b]]></String>
          </Value>
        </Properties>
      </Elements>
    </Containers>
    <Containers>
      <Name><![CDATA[d7f10bc2-7028-11e6-9a42-0242ac11002b-c2]]></Name>
      <Type><![CDATA[element]]></Type>
      <ParentInstanceId><![CDATA[d7f10bc2-7028-11e6-9a42-0242ac11002b]]></ParentInstanceId>
      <Elements>
        <Uri>
          <link type="STRONG">
            <target><![CDATA[/sites/default/apollo-demo/.content/faqs/faq_00003.xml]]></target>
            <uuid>4d41f14e-6f51-11e6-9a42-0242ac11002b</uuid>
          </link>
        </Uri>
        <Formatter>
          <link type="STRONG">
            <target><![CDATA[/system/modules/org.opencms.apollo/formatters/faq-teaser-compact.jsp]]></target>
            <uuid>4938aa9b-3d05-11e6-aee4-0242ac11002b</uuid>
          </link>
        </Formatter>
        <Properties>
          <Name><![CDATA[element_instance_id]]></Name>
          <Value>
            <String><![CDATA[2e89ee44-7029-11e6-9a42-0242ac11002b]]></String>
          </Value>
        </Properties>
        <Properties>
          <Name><![CDATA[formatterSettings#d7f10bc2-7028-11e6-9a42-0242ac11002b-c2]]></Name>
          <Value>
            <String><![CDATA[018e42e3-3d05-11e6-aee4-0242ac11002b]]></String>
          </Value>
        </Properties>
      </Elements>
      <Elements>
        <Uri>
          <link type="STRONG">
            <target><![CDATA[/sites/default/apollo-demo/.content/faqs/faq_00002.xml]]></target>
            <uuid>13f005cd-6f51-11e6-9a42-0242ac11002b</uuid>
          </link>
        </Uri>
        <Formatter>
          <link type="STRONG">
            <target><![CDATA[/system/modules/org.opencms.apollo/formatters/faq-teaser-compact.jsp]]></target>
            <uuid>4938aa9b-3d05-11e6-aee4-0242ac11002b</uuid>
          </link>
        </Formatter>
        <Properties>
          <Name><![CDATA[element_instance_id]]></Name>
          <Value>
            <String><![CDATA[39e53015-7029-11e6-9a42-0242ac11002b]]></String>
          </Value>
        </Properties>
        <Properties>
          <Name><![CDATA[formatterSettings#d7f10bc2-7028-11e6-9a42-0242ac11002b-c2]]></Name>
          <Value>
            <String><![CDATA[018e42e3-3d05-11e6-aee4-0242ac11002b]]></String>
          </Value>
        </Properties>
      </Elements>
      <Elements>
        <Uri>
          <link type="STRONG">
            <target><![CDATA[/sites/default/apollo-demo/.content/faqs/faq_00005.xml]]></target>
            <uuid>b9db9462-7018-11e6-9a42-0242ac11002b</uuid>
          </link>
        </Uri>
        <Formatter>
          <link type="STRONG">
            <target><![CDATA[/system/modules/org.opencms.apollo/formatters/faq-teaser-compact.jsp]]></target>
            <uuid>4938aa9b-3d05-11e6-aee4-0242ac11002b</uuid>
          </link>
        </Formatter>
        <Properties>
          <Name><![CDATA[element_instance_id]]></Name>
          <Value>
            <String><![CDATA[196ecb23-7029-11e6-9a42-0242ac11002b]]></String>
          </Value>
        </Properties>
        <Properties>
          <Name><![CDATA[formatterSettings#d7f10bc2-7028-11e6-9a42-0242ac11002b-c2]]></Name>
          <Value>
            <String><![CDATA[018e42e3-3d05-11e6-aee4-0242ac11002b]]></String>
          </Value>
        </Properties>
      </Elements>
    </Containers>
  </AlkaconContainerPage>
</AlkaconContainerPages>
