<?xml version="1.0" encoding="UTF-8"?>

<AlkaconContainerPages xmlns:xsi="http://www.w3.org/2001/XMLSchema-instance" xsi:noNamespaceSchemaLocation="opencms://system/modules/org.opencms.ade.containerpage/schemas/container_page.xsd">
  <AlkaconContainerPage language="en">
    <Containers>
      <Name><![CDATA[581c3846-6ebc-11e6-9a42-0242ac11002b-c1]]></Name>
      <Type><![CDATA[row]]></Type>
      <ParentInstanceId><![CDATA[581c3846-6ebc-11e6-9a42-0242ac11002b]]></ParentInstanceId>
      <Elements>
        <Uri>
          <link type="STRONG">
            <target><![CDATA[/sites/default/apollo-demo/.content/templaterows/tr_00003.xml]]></target>
            <uuid>6c8a82a9-eb91-11e5-8519-0242ac11002b</uuid>
          </link>
        </Uri>
        <Formatter>
          <link type="STRONG">
            <target><![CDATA[/system/modules/org.opencms.apollo/formatters/layoutrow.jsp]]></target>
            <uuid>d652a05d-523d-11e5-9495-0242ac11002b</uuid>
          </link>
        </Formatter>
        <Properties>
          <Name><![CDATA[element_instance_id]]></Name>
          <Value>
            <String><![CDATA[5178c66f-7021-11e6-9a42-0242ac11002b]]></String>
          </Value>
        </Properties>
        <Properties>
          <Name><![CDATA[formatterSettings#581c3846-6ebc-11e6-9a42-0242ac11002b-c1]]></Name>
          <Value>
            <String><![CDATA[d65670f0-523d-11e5-9495-0242ac11002b]]></String>
          </Value>
        </Properties>
      </Elements>
    </Containers>
    <Containers>
      <Name><![CDATA[5178c66f-7021-11e6-9a42-0242ac11002b-c1]]></Name>
      <Type><![CDATA[element]]></Type>
      <ParentInstanceId><![CDATA[5178c66f-7021-11e6-9a42-0242ac11002b]]></ParentInstanceId>
      <Elements>
        <Uri>
          <link type="STRONG">
            <target><![CDATA[/sites/default/apollo-demo/.content/contentsections/cs_00089.xml]]></target>
            <uuid>4cc480e5-ede8-11e5-a02c-0242ac11002b</uuid>
          </link>
        </Uri>
        <Formatter>
          <link type="STRONG">
            <target><![CDATA[/sites/default/.formatters/section-image-only.xml]]></target>
            <uuid>e41c23a6-eec7-11e5-a02c-0242ac11002b</uuid>
          </link>
        </Formatter>
        <CreateNew>true</CreateNew>
        <Properties>
          <Name><![CDATA[element_instance_id]]></Name>
          <Value>
            <String><![CDATA[747253d2-7021-11e6-9a42-0242ac11002b]]></String>
          </Value>
        </Properties>
        <Properties>
          <Name><![CDATA[formatterSettings#5178c66f-7021-11e6-9a42-0242ac11002b-c1]]></Name>
          <Value>
            <String><![CDATA[e41c23a6-eec7-11e5-a02c-0242ac11002b]]></String>
          </Value>
        </Properties>
        <Properties>
          <Name><![CDATA[ilink]]></Name>
          <Value>
            <String><![CDATA[none]]></String>
          </Value>
        </Properties>
        <Properties>
          <Name><![CDATA[itext]]></Name>
          <Value>
            <String><![CDATA[none]]></String>
          </Value>
        </Properties>
        <Properties>
          <Name><![CDATA[istyle]]></Name>
          <Value>
            <String><![CDATA[ap-img-v0]]></String>
          </Value>
        </Properties>
        <Properties>
          <Name><![CDATA[ieffect]]></Name>
          <Value>
            <String><![CDATA[none]]></String>
          </Value>
        </Properties>
      </Elements>
    </Containers>
    <Containers>
      <Name><![CDATA[5178c66f-7021-11e6-9a42-0242ac11002b-c2]]></Name>
      <Type><![CDATA[element]]></Type>
      <ParentInstanceId><![CDATA[5178c66f-7021-11e6-9a42-0242ac11002b]]></ParentInstanceId>
      <Elements>
        <Uri>
          <link type="STRONG">
            <target><![CDATA[/sites/default/apollo-demo/.content/faqs/faq_00010.xml]]></target>
            <uuid>8216d3ec-701f-11e6-9a42-0242ac11002b</uuid>
          </link>
        </Uri>
        <Formatter>
          <link type="STRONG">
            <target><![CDATA[/system/modules/org.opencms.apollo/formatters/faq-teaser-compact.jsp]]></target>
            <uuid>4938aa9b-3d05-11e6-aee4-0242ac11002b</uuid>
          </link>
        </Formatter>
        <Properties>
          <Name><![CDATA[teaserlength]]></Name>
          <Value>
            <String><![CDATA[200]]></String>
          </Value>
        </Properties>
        <Properties>
          <Name><![CDATA[element_instance_id]]></Name>
          <Value>
            <String><![CDATA[94d30de3-7021-11e6-9a42-0242ac11002b]]></String>
          </Value>
        </Properties>
        <Properties>
          <Name><![CDATA[buttoncolor]]></Name>
          <Value>
            <String><![CDATA[red]]></String>
          </Value>
        </Properties>
        <Properties>
          <Name><![CDATA[formatterSettings#5178c66f-7021-11e6-9a42-0242ac11002b-c2]]></Name>
          <Value>
            <String><![CDATA[018e42e3-3d05-11e6-aee4-0242ac11002b]]></String>
          </Value>
        </Properties>
      </Elements>
    </Containers>
  </AlkaconContainerPage>
</AlkaconContainerPages>
