<?xml version="1.0" encoding="UTF-8"?>

<NewFormatters xmlns:xsi="http://www.w3.org/2001/XMLSchema-instance" xsi:noNamespaceSchemaLocation="opencms://system/modules/org.opencms.ade.config/schemas/formatters/new_formatter.xsd">
  <NewFormatter language="en">
    <NiceName><![CDATA[Detailed Blog Article]]></NiceName>
    <Type><![CDATA[a-blog]]></Type>
    <Jsp>
      <link type="WEAK">
        <target><![CDATA[/system/modules/org.opencms.apollo/formatters/blog-detail.jsp]]></target>
        <uuid>fd062e7e-57c6-11e5-a989-0242ac11002b</uuid>
      </link>
    </Jsp>
    <Rank><![CDATA[800]]></Rank>
    <Match>
      <Types>
        <ContainerType><![CDATA[element]]></ContainerType>
        <ContainerType><![CDATA[blog]]></ContainerType>
      </Types>
    </Match>
    <Preview>false</Preview>
    <SearchContent>true</SearchContent>
    <AutoEnabled>true</AutoEnabled>
    <Detail>true</Detail>
    <NestedContainers>false</NestedContainers>
    <HeadIncludeCss/>
    <Setting>
      <PropertyName><![CDATA[imgalign]]></PropertyName>
      <DisplayName><![CDATA[%(key.apollo.setting.imgalign)]]></DisplayName>
      <Widget><![CDATA[select]]></Widget>
      <WidgetConfig><![CDATA[left:%(key.apollo.setting.image.left)|right:%(key.apollo.setting.image.right)]]></WidgetConfig>
    </Setting>
  </NewFormatter>
</NewFormatters>
