<?xml version="1.0" encoding="UTF-8"?>

<NewFormatters xmlns:xsi="http://www.w3.org/2001/XMLSchema-instance" xsi:noNamespaceSchemaLocation="opencms://system/modules/org.opencms.ade.config/schemas/formatters/new_formatter.xsd">
  <NewFormatter language="en">
    <NiceName><![CDATA[Detailed FAQ entry]]></NiceName>
    <Type><![CDATA[a-faq]]></Type>
    <Jsp>
      <link type="WEAK">
        <target><![CDATA[/system/modules/org.opencms.apollo/formatters/faq-detail.jsp]]></target>
        <uuid>59a21ec6-3c61-11e6-aee4-0242ac11002b</uuid>
      </link>
    </Jsp>
    <Rank><![CDATA[800]]></Rank>
    <Match>
      <Types>
        <ContainerType><![CDATA[element]]></ContainerType>
        <ContainerType><![CDATA[faq]]></ContainerType>
      </Types>
    </Match>
    <Preview>false</Preview>
    <SearchContent>true</SearchContent>
    <AutoEnabled>true</AutoEnabled>
    <Detail>true</Detail>
    <NestedContainers>false</NestedContainers>
  </NewFormatter>
</NewFormatters>
