<?xml version="1.0" encoding="UTF-8"?>

<NewFormatters xmlns:xsi="http://www.w3.org/2001/XMLSchema-instance" xsi:noNamespaceSchemaLocation="opencms://system/modules/org.opencms.ade.config/schemas/formatters/new_formatter.xsd">
  <NewFormatter language="en">
    <NiceName><![CDATA[Standard Layout Row]]></NiceName>
    <Type><![CDATA[a-templaterow]]></Type>
    <Jsp>
      <link type="WEAK">
        <target><![CDATA[/system/modules/org.opencms.apollo/formatters/layoutrow.jsp]]></target>
        <uuid>d652a05d-523d-11e5-9495-0242ac11002b</uuid>
      </link>
    </Jsp>
    <Rank><![CDATA[1000]]></Rank>
    <Match>
      <Types>
        <ContainerType><![CDATA[area]]></ContainerType>
        <ContainerType><![CDATA[segment]]></ContainerType>
        <ContainerType><![CDATA[grid]]></ContainerType>
        <ContainerType><![CDATA[row]]></ContainerType>
        <ContainerType><![CDATA[element]]></ContainerType>
        <ContainerType><![CDATA[locked]]></ContainerType>
      </Types>
    </Match>
    <Preview>true</Preview>
    <SearchContent>false</SearchContent>
    <AutoEnabled>true</AutoEnabled>
    <Detail>false</Detail>
    <NestedContainers>true</NestedContainers>
    <Setting>
      <PropertyName><![CDATA[param]]></PropertyName>
      <DisplayName><![CDATA[%(key.apollo.setting.param)]]></DisplayName>
      <Description><![CDATA[%(key.apollo.setting.param.description)]]></Description>
      <Widget><![CDATA[string]]></Widget>
    </Setting>
    <Setting>
      <PropertyName><![CDATA[link]]></PropertyName>
      <DisplayName><![CDATA[%(key.apollo.setting.link)]]></DisplayName>
      <Description><![CDATA[%(key.apollo.setting.link.description)]]></Description>
      <Widget><![CDATA[string]]></Widget>
    </Setting>
    <Setting>
      <PropertyName><![CDATA[cssHints]]></PropertyName>
      <DisplayName><![CDATA[%(key.apollo.setting.csshints)]]></DisplayName>
      <Description><![CDATA[%(key.apollo.setting.csshints.description)]]></Description>
      <Widget><![CDATA[string]]></Widget>
    </Setting>
    <Setting>
      <PropertyName><![CDATA[grid]]></PropertyName>
      <DisplayName><![CDATA[%(key.apollo.setting.row.grid)]]></DisplayName>
      <Description><![CDATA[Overrides container grid settings]]></Description>
      <Widget><![CDATA[string]]></Widget>
    </Setting>
    <Setting>
      <PropertyName><![CDATA[detail]]></PropertyName>
      <DisplayName><![CDATA[%(key.apollo.setting.detail)]]></DisplayName>
      <Description><![CDATA[%(key.apollo.setting.detail.description)]]></Description>
      <Widget><![CDATA[select]]></Widget>
      <Default><![CDATA[none]]></Default>
      <WidgetConfig><![CDATA[none:%(key.apollo.setting.detail.none)|view:%(key.apollo.setting.detail.view)|only:%(key.apollo.setting.detail.only)]]></WidgetConfig>
    </Setting>
  </NewFormatter>
</NewFormatters>
