<?xml version="1.0" encoding="UTF-8"?>

<NewFormatters xmlns:xsi="http://www.w3.org/2001/XMLSchema-instance" xsi:noNamespaceSchemaLocation="opencms://system/modules/org.opencms.ade.config/schemas/formatters/new_formatter.xsd">
  <NewFormatter language="en">
    <NiceName><![CDATA[Archive list filters]]></NiceName>
    <Type><![CDATA[a-list]]></Type>
    <Jsp>
      <link type="WEAK">
        <target><![CDATA[/system/modules/org.opencms.apollo/formatters/list-archive-filter.jsp]]></target>
        <uuid>1dde2909-2704-11e6-9192-0242ac11002b</uuid>
      </link>
    </Jsp>
    <Rank><![CDATA[900]]></Rank>
    <Match>
      <Types>
        <ContainerType><![CDATA[element]]></ContainerType>
        <ContainerType><![CDATA[list]]></ContainerType>
      </Types>
    </Match>
    <Preview>false</Preview>
    <SearchContent>true</SearchContent>
    <AutoEnabled>true</AutoEnabled>
    <Detail>false</Detail>
    <NestedContainers>false</NestedContainers>
    <Setting>
      <PropertyName><![CDATA[filtercolor]]></PropertyName>
      <DisplayName><![CDATA[%(key.apollo.setting.filtercolor)]]></DisplayName>
      <Widget><![CDATA[select]]></Widget>
      <Default><![CDATA[grey]]></Default>
      <WidgetConfig><![CDATA[%(page-property:apollo.css.color:red:%(key.apollo.setting.color.red)|blue:%(key.apollo.setting.color.blue)|blue-light:%(key.apollo.setting.color.lightblue)|blue-dark:%(key.apollo.setting.color.darkblue)|orange:%(key.apollo.setting.color.orange)|cyan:%(key.apollo.setting.color.cyan)|blue-cyan:%(key.apollo.setting.color.bluecyan)|grey:%(key.apollo.setting.color.grey))]]></WidgetConfig>
    </Setting>
    <Setting>
      <PropertyName><![CDATA[yearcolor]]></PropertyName>
      <DisplayName><![CDATA[%(key.apollo.setting.yearcolor)]]></DisplayName>
      <Widget><![CDATA[select]]></Widget>
      <Default><![CDATA[blue-cyan]]></Default>
      <WidgetConfig><![CDATA[%(page-property:apollo.css.color:red:%(key.apollo.setting.color.red)|blue:%(key.apollo.setting.color.blue)|blue-light:%(key.apollo.setting.color.lightblue)|blue-dark:%(key.apollo.setting.color.darkblue)|orange:%(key.apollo.setting.color.orange)|cyan:%(key.apollo.setting.color.cyan)|blue-cyan:%(key.apollo.setting.color.bluecyan)|grey:%(key.apollo.setting.color.grey))]]></WidgetConfig>
    </Setting>
    <Setting>
      <PropertyName><![CDATA[showsearch]]></PropertyName>
      <DisplayName><![CDATA[%(key.apollo.setting.showsearch)]]></DisplayName>
      <Widget><![CDATA[checkbox]]></Widget>
      <Default><![CDATA[true]]></Default>
    </Setting>
    <Setting>
      <PropertyName><![CDATA[showlabels]]></PropertyName>
      <DisplayName><![CDATA[%(key.apollo.setting.showlabels)]]></DisplayName>
      <Widget><![CDATA[checkbox]]></Widget>
      <Default><![CDATA[true]]></Default>
    </Setting>
    <Setting>
      <PropertyName><![CDATA[showarchive]]></PropertyName>
      <DisplayName><![CDATA[%(key.apollo.setting.showarchive)]]></DisplayName>
      <Widget><![CDATA[checkbox]]></Widget>
      <Default><![CDATA[true]]></Default>
    </Setting>
    <Setting>
      <PropertyName><![CDATA[showexpired]]></PropertyName>
      <DisplayName><![CDATA[%(key.apollo.setting.showexpired)]]></DisplayName>
      <Widget><![CDATA[checkbox]]></Widget>
      <Default><![CDATA[false]]></Default>
    </Setting>
  </NewFormatter>
</NewFormatters>
