<?xml version="1.0" encoding="UTF-8"?>

<ApolloContacts xmlns:xsi="http://www.w3.org/2001/XMLSchema-instance" xsi:noNamespaceSchemaLocation="opencms://system/modules/org.opencms.apollo/schemas/contact.xsd">
  <ApolloContact language="en">
    <Name>
      <FirstName><![CDATA[Manuel]]></FirstName>
      <MiddleName><![CDATA[B.]]></MiddleName>
      <LastName><![CDATA[Delgado]]></LastName>
    </Name>
    <Organization><![CDATA[Recursive Iterators Union]]></Organization>
    <Position><![CDATA[Team Manager]]></Position>
    <Image>
      <Image>
        <link type="WEAK">
          <target><![CDATA[/sites/default/.galleries/people/30.jpg]]></target>
          <uuid>8bbffd7d-6365-11e5-81df-0242ac11002b</uuid>
        </link>
      </Image>
    </Image>
    <Link>
      <Text><![CDATA[Team overview]]></Text>
      <URI>
        <link internal="true" type="WEAK">
          <target><![CDATA[/sites/default/apollo-demo/the-team/]]></target>
          <uuid>a3023c68-6079-11e5-9eef-0242ac11002b</uuid>
        </link>
      </URI>
    </Link>
    <Contact>
      <Address>
        <StreetAddress><![CDATA[Nymphenburger Str. 7]]></StreetAddress>
        <PostalCode><![CDATA[80335]]></PostalCode>
        <Locality><![CDATA[Munich]]></Locality>
      </Address>
      <Phone><![CDATA[+49 (89) 123-4567]]></Phone>
      <Mobile><![CDATA[+49 (180) 123-4567]]></Mobile>
      <Email>
        <Email><![CDATA[m.delgado@example.org ]]></Email>
        <ObfuscateEmail>false</ObfuscateEmail>
      </Email>
    </Contact>
  </ApolloContact>
</ApolloContacts>
