<?xml version="1.0" encoding="UTF-8"?>

<ApolloSections xmlns:xsi="http://www.w3.org/2001/XMLSchema-instance" xsi:noNamespaceSchemaLocation="opencms://system/modules/org.opencms.apollo/schemas/section.xsd">
  <ApolloSection language="en">
    <Headline><![CDATA[Responsive]]></Headline>
    <Text name="Text0">
      <links/>
      <content><![CDATA[<p>Lorem ipsum dolor sit amet, consetetur sadipscing elitr, at accusam aliquyam diam diam dolore dolores duo eirmod eos erat, et nonumy sed tempor.</p>]]></content>
    </Text>
    <Image>
      <Image>
        <link type="WEAK">
          <target><![CDATA[/sites/default/.galleries/people/22.jpg]]></target>
          <uuid>5ac0b945-5921-11e4-9013-005056b61161</uuid>
        </link>
      </Image>
    </Image>
    <Link>
      <Text><![CDATA[Read more]]></Text>
      <URI>
        <link internal="true" type="WEAK">
          <target><![CDATA[/sites/default/apollo-demo/our-clients/]]></target>
          <uuid>c7132fa9-607d-11e5-9eef-0242ac11002b</uuid>
        </link>
      </URI>
    </Link>
  </ApolloSection>
  <ApolloSection language="de">
    <Headline><![CDATA[Responsiv]]></Headline>
    <Text name="Text0">
      <links/>
      <content><![CDATA[<p>Lorem ipsum dolor sit amet, consetetur sadipscing elitr, at accusam aliquyam diam diam dolore dolores duo eirmod eos erat, et nonumy sed tempor.</p>]]></content>
    </Text>
    <Image>
      <Image>
        <link type="WEAK">
          <target><![CDATA[/sites/default/.galleries/people/22.jpg]]></target>
          <uuid>5ac0b945-5921-11e4-9013-005056b61161</uuid>
        </link>
      </Image>
    </Image>
    <Link>
      <Text><![CDATA[Mehr Infos]]></Text>
      <URI>
        <link internal="true" type="WEAK">
          <target><![CDATA[/sites/default/apollo-demo/our-clients/]]></target>
          <uuid>c7132fa9-607d-11e5-9eef-0242ac11002b</uuid>
        </link>
      </URI>
    </Link>
  </ApolloSection>
</ApolloSections>
