<?xml version="1.0" encoding="UTF-8"?>

<ApolloSections xmlns:xsi="http://www.w3.org/2001/XMLSchema-instance" xsi:noNamespaceSchemaLocation="opencms://system/modules/org.opencms.apollo/schemas/section.xsd">
  <ApolloSection language="en">
    <Headline><![CDATA[It's great!]]></Headline>
    <Text name="Text0">
      <links/>
      <content><![CDATA[<p>Cras dapibus. Vivamus elementum semper nisi. Aenean vulputate eleifend tellus. Aenean leo ligula, porttitor eu, consequat vitae, eleifend ac, enim.&nbsp;Aliquam lorem ante, dapibus in, viverra quis, feugiat a, tellus.&nbsp;</p>]]></content>
    </Text>
    <Image>
      <Image>
        <link type="WEAK">
          <target><![CDATA[/sites/default/.galleries/people/01.jpg]]></target>
          <uuid>b13e3759-4705-11e3-8417-000c29d28104</uuid>
        </link>
      </Image>
    </Image>
    <GalleryTitle><![CDATA[Testimonial A]]></GalleryTitle>
  </ApolloSection>
</ApolloSections>
