<?xml version="1.0" encoding="UTF-8"?>

<ApolloSections xmlns:xsi="http://www.w3.org/2001/XMLSchema-instance" xsi:noNamespaceSchemaLocation="opencms://system/modules/org.opencms.apollo/schemas/section.xsd">
  <ApolloSection language="de">
    <Headline><![CDATA[Mächtig]]></Headline>
    <Text name="Text0">
      <links/>
      <content><![CDATA[<p>OpenCms hat mächtige Funktionen, welche die tägliche Arbeit erleichtern.</p>]]></content>
    </Text>
    <Image>
      <Image>
        <link type="WEAK">
          <target><![CDATA[/sites/default/.galleries/people/15.jpg]]></target>
          <uuid>f67db0b0-55f8-11e4-8db5-005056b61161</uuid>
          <query><![CDATA[__scale=h:600,w:600,cx:0,cy:24,ch:767,cw:767]]></query>
        </link>
      </Image>
      <Title/>
      <Copyright><![CDATA[publicdomainpictures.net]]></Copyright>
    </Image>
  </ApolloSection>
  <ApolloSection language="en">
    <Headline><![CDATA[Powerful]]></Headline>
    <Text name="Text0">
      <links/>
      <content><![CDATA[<p>OpenCms has powerful features that help you do the job quickly.</p>]]></content>
    </Text>
    <Image>
      <Image>
        <link type="WEAK">
          <target><![CDATA[/sites/default/.galleries/people/15.jpg]]></target>
          <uuid>f67db0b0-55f8-11e4-8db5-005056b61161</uuid>
          <query><![CDATA[__scale=h:600,w:600,cx:0,cy:24,ch:767,cw:767]]></query>
        </link>
      </Image>
      <Title/>
      <Copyright><![CDATA[publicdomainpictures.net]]></Copyright>
    </Image>
  </ApolloSection>
</ApolloSections>
