<?xml version="1.0" encoding="UTF-8"?>

<ApolloSections xmlns:xsi="http://www.w3.org/2001/XMLSchema-instance" xsi:noNamespaceSchemaLocation="opencms://system/modules/org.opencms.apollo/schemas/section.xsd">
  <ApolloSection language="en">
    <Headline><![CDATA[Inline Editing]]></Headline>
    <Text name="Text0">
      <links/>
      <content><![CDATA[<p>Just click on a text to edit directly in the page.</p>]]></content>
    </Text>
  </ApolloSection>
  <ApolloSection language="de">
    <Headline><![CDATA[Direktes Bearbeiten]]></Headline>
    <Text name="Text0">
      <links/>
      <content><![CDATA[<p>Einfach in die Seite klicken um Text darin zu ändern.</p>]]></content>
    </Text>
  </ApolloSection>
</ApolloSections>
