<?xml version="1.0" encoding="UTF-8"?>

<ApolloSections xmlns:xsi="http://www.w3.org/2001/XMLSchema-instance" xsi:noNamespaceSchemaLocation="opencms://system/modules/org.opencms.apollo/schemas/section.xsd">
  <ApolloSection language="en">
    <Headline><![CDATA[Quote from the CEO]]></Headline>
    <Text name="Text0">
      <links/>
      <content><![CDATA[<p>"The Apollo Template is great. We where able to get our new website online in just a couple of days. Actually the most demanding part was to collect the content. The technical side was quickly&nbsp;covered with OpenCms and the Apollo Template." - <em>Jake M. Pritchett III, CEO&nbsp;</em></p>]]></content>
    </Text>
  </ApolloSection>
</ApolloSections>
