<?xml version="1.0" encoding="UTF-8"?>

<ApolloSections xmlns:xsi="http://www.w3.org/2001/XMLSchema-instance" xsi:noNamespaceSchemaLocation="opencms://system/modules/org.opencms.apollo/schemas/section.xsd">
  <ApolloSection language="en">
    <Headline><![CDATA[Flexible Grid]]></Headline>
    <Text name="Text0">
      <links/>
      <content><![CDATA[<p>Donec pede justo, fringilla vel, aliquet nec, vulputate dolor sit eget, arcu.</p>]]></content>
    </Text>
  </ApolloSection>
</ApolloSections>
