<?xml version="1.0" encoding="UTF-8"?>

<ApolloSections xmlns:xsi="http://www.w3.org/2001/XMLSchema-instance" xsi:noNamespaceSchemaLocation="opencms://system/modules/org.opencms.apollo/schemas/section.xsd">
  <ApolloSection language="en">
    <Headline><![CDATA[Asset Connection / Imgur example]]></Headline>
    <Text name="Text0">
      <links>
        <link name="link0" internal="false" type="A">
          <target><![CDATA[http://imgur.com]]></target>
        </link>
      </links>
      <content><![CDATA[<p>This page demonstrates the integration of external data using the "Asset Connetion" feature added in OpenCms 10.5. It uses an example element where content managers can grab&nbsp;images from <a href="%(link0)">imgur.com</a>, the best place to share and enjoy the most awesome images on the Internet.</p>]]></content>
    </Text>
  </ApolloSection>
</ApolloSections>
