<?xml version="1.0" encoding="UTF-8"?>

<ApolloSections xmlns:xsi="http://www.w3.org/2001/XMLSchema-instance" xsi:noNamespaceSchemaLocation="opencms://system/modules/org.opencms.apollo/schemas/section.xsd">
  <ApolloSection language="en">
    <Headline><![CDATA[The Sitemap element]]></Headline>
    <Text name="Text0">
      <links/>
      <content><![CDATA[<p>The <em>Sitemap</em> element creates a simple sitemap of your OpenCms site or subsite. You can select several options such as the sitemap depth or the number of columns in the element content as well as through the element settings.</p>]]></content>
    </Text>
    <Image>
      <Image>
        <link type="WEAK">
          <target><![CDATA[/sites/default/.galleries/cliparts/default.png]]></target>
          <uuid>ecdb83f0-1dd4-11e6-b998-0242ac11002b</uuid>
        </link>
      </Image>
      <Title><![CDATA[Defaul placeholder image]]></Title>
    </Image>
  </ApolloSection>
</ApolloSections>
