<?xml version="1.0" encoding="UTF-8"?>

<ApolloSections xmlns:xsi="http://www.w3.org/2001/XMLSchema-instance" xsi:noNamespaceSchemaLocation="opencms://system/modules/org.opencms.apollo/schemas/section.xsd">
  <ApolloSection language="en">
    <Headline><![CDATA[Top questions]]></Headline>
    <Text name="Text0">
      <links/>
      <content><![CDATA[<ul>
<li>Is OpenCms open source or open sauce?</li>
<li>How comes software this great is free?</li>
<li>What happens if you find a penguin in the freezer?</li>
<li>Will I be able to create a site without coding using the Apollo Template?&nbsp;</li>
<li>Can I use OpenCms in my kitchen?</li>
<li>Do androids dream of electric sheep?</li>
</ul>]]></content>
    </Text>
  </ApolloSection>
</ApolloSections>
