<?xml version="1.0" encoding="UTF-8"?>

<ApolloSections xmlns:xsi="http://www.w3.org/2001/XMLSchema-instance" xsi:noNamespaceSchemaLocation="opencms://system/modules/org.opencms.apollo/schemas/section.xsd">
  <ApolloSection language="en">
    <Headline><![CDATA[Contact Address]]></Headline>
    <Text name="Text0">
      <links>
        <link name="link0" internal="false" type="A">
          <target><![CDATA[http://www.alkacon.com/]]></target>
        </link>
      </links>
      <content><![CDATA[<h4>Alkacon Software GmbH</h4>
<p><strong>An der Wachsfabrik 13<br />50996 Köln (Cologne)<br /></strong><strong>Germany</strong></p>
<p><a href="%(link0)">http://alkacon.com</a></p>]]></content>
    </Text>
    <Image>
      <Image>
        <link type="WEAK">
          <target><![CDATA[/sites/default/.galleries/samples/05.jpg]]></target>
          <uuid>c2581db0-4705-11e3-8417-000c29d28104</uuid>
        </link>
      </Image>
      <Title><![CDATA[Company Building]]></Title>
      <Copyright><![CDATA[pixabay.com]]></Copyright>
    </Image>
  </ApolloSection>
</ApolloSections>
