<?xml version="1.0" encoding="UTF-8"?>

<ApolloSections xmlns:xsi="http://www.w3.org/2001/XMLSchema-instance" xsi:noNamespaceSchemaLocation="opencms://system/modules/org.opencms.apollo/schemas/section.xsd">
  <ApolloSection language="en">
    <Headline><![CDATA[Meet the team]]></Headline>
    <Text name="Text0">
      <links/>
      <content><![CDATA[<p>Et harum quidem rerum facilis est et expedita aenean eu leo quam distinctio lorem ipsum dolor sit amet consectetur adipiscing elit. Fusce condimentum eleifend enim a feugiat. .</p>]]></content>
    </Text>
  </ApolloSection>
</ApolloSections>
